_id,_info,_model,cabriolet,city,country,info,make,mileage,model,post_time,price,state,transmission,turbo,year,color
1,Perfect beginning HPDE Porsche Cayman S,Cayman S,FALSE,Downingtown,USA,Perfect beginning HPDE Porsche Cayman S,Porsche,59654,Cayman,2019-05-20T19:42:00.000Z,27500,PA,Manual,FALSE,2007,gray
2,FS: 2012 997.2 GTS Touring Conversion,Carrera GTS,FALSE,San Jose,USA,FS: 2012 997.2 GTS Touring Conversion,Porsche,39000,911,2019-11-12T03:27:00.000Z,75800,CA,Automatic,FALSE,2012,silver
3,2012 911 Turbo S,Turbo S,FALSE,Dallas,United States,2012 911 Turbo S,Porsche,22300,911,11/15/19 20:17,90000,TX,Automatic,TRUE,2012,unknown
4,2007 997 Turbo Guards Red Tiptronic 22900 miles,Turbo,FALSE,Stillwater,United States,"2007 997 Turbo Guards Red Tiptronic 22,900 miles",Porsche,22909,911,11/14/19 17:40,68950,OK,Automatic,TRUE,2007,unknown
5,2006 Porsche Cayman S,Cayman S,FALSE,San Diego,USA,2006 Porsche Cayman S,Porsche,82335,Cayman,2019-11-07T08:58:00.000Z,18995,CA,Manual,FALSE,2006,silver
6,Peridot Cayman R,Cayman R,FALSE,Pound Ridge,USA,Peridot Cayman R,Porsche,53000,Cayman,2019-10-21T23:27:00.000Z,63999,NY,Manual,FALSE,2012,other
7,2005 Carrera S - 6 Speed - (997.1) 76200 Miles,Carrera S,FALSE,Glendale,USA,"2005 Carrera S - 6 Speed - (997.1) 76,200 Miles",Porsche,76000,911,2019-08-11T04:01:00.000Z,28000,CA,Manual,FALSE,2005,silver
8,"FS: 2008 porsche cayman S ""Sport"" #610/700 RS Green",Cayman S,FALSE,Dallas,USA,"FS: 2008 porsche cayman S ""Sport"", #610/700, RS Green",Porsche,99800,Cayman,2019-11-15T01:35:00.000Z,29000,TX,Manual,FALSE,2008,other
9,2012.5 991.1 Carrera S in Agate with full natural red leather,Carrera S,FALSE,Oakland,United States,2012.5 991.1 Carrera S in Agate with full natural red leather,Porsche,55000,911,11/10/19 13:11,57000,CA,Automatic,FALSE,2012,unknown
10,2006 Carrera 4S Cabriolet Manual 4.0,Carrera 4S,TRUE,Asheville,USA,2006 Carrera 4S Cabriolet Manual 4.0,Porsche,52500,911,2019-11-04T18:46:00.000Z,29900,NC,Manual,FALSE,2006,black
11,2007 997.1 911 Turbo COUPE / MANUAL,Turbo,FALSE,Dc,USA,2007 997.1 911 Turbo COUPE / MANUAL,Porsche,57601,911,2019-10-23T15:57:00.000Z,68000,DC,Manual,TRUE,2007,black
12,FS: 2012.2 7-Speed Porsche 991.1 Carrera S with only 3K miles!,Carrera S,FALSE,San Jose,USA,FS: 2012.2 7-Speed Porsche 991.1 Carrera S with only 3K miles!,Porsche,3100,911,2019-11-14T02:31:00.000Z,76800,CA,Manual,FALSE,2012,black
13,2007 C4S with lots of mods,Carrera 4S,FALSE,Houston,USA,2007 C4S with lots of mods,Porsche,45500,911,2019-06-04T17:42:00.000Z,42000,TX,Automatic,FALSE,2007,black
14,2011 911 C4S Manual Transmission - funnest car ever made,Carrera 4S,FALSE,Austin,United States,2011 911 C4S Manual Transmission - funnest car ever made,Porsche,61000,911,11/9/19 18:34,55000,TX,Manual,FALSE,2011,unknown
15,2008 Porsche 911 Targa 4S - Manual Transmission,Targa 4S,FALSE,Minneapolis,USA,2008 Porsche 911 Targa 4S - Manual Transmission,Porsche,16930,911,2019-11-07T22:49:00.000Z,60000,MN,Manual,FALSE,2008,black
16,FS: 2005 997.1 911 S track/street car new transmission many great parts proven,Carrera S,FALSE,Saint Joseph,USA,"FS: 2005 997.1 911 S track/street car, new transmission, many great parts, proven",Porsche,32856,911,2019-11-06T00:40:00.000Z,40000,MO,Manual,FALSE,2005,silver
17,2009 Cayman S (PDK),Cayman S,FALSE,Willow Grove,United States,2009 Cayman S (PDK),Porsche,104800,Cayman,10/28/19 16:48,25000,PA,Automatic,FALSE,2009,unknown
18,2011 Porsche 997.2 GTS (Ultra rare build. Full Aero Carbon Buckets Low Milage),Carrera GTS,FALSE,Vancouver Canada,Canada,"2011 Porsche 997.2 GTS (Ultra rare build. Full Aero, Carbon Buckets, Low Milage)",Porsche,22000,911,2019-06-13T06:02:00.000Z,79500,BC,Automatic,FALSE,2011,white
19,2012.5 Porsche 911 Carrera S coupe (991),Carrera S,FALSE,Oviedo,USA,2012.5 Porsche 911 Carrera S coupe (991),Porsche,24000,911,2019-10-17T21:17:00.000Z,64900,FL,Automatic,FALSE,2012,black
20,Speed Yellow 997 Turbo 6 speed,Turbo,FALSE,Manalapan,USA,Speed Yellow 997 Turbo 6 speed,Porsche,49500,911,2019-08-07T04:17:00.000Z,69900,NJ,Manual,TRUE,2007,yellow
21,2006 Cayman S w/ tasteful upgrades & new paint,Cayman S,FALSE,Reno,USA,2006 Cayman S w/ tasteful upgrades & new paint,Porsche,61715,Cayman,2019-11-01T06:19:00.000Z,27000,NV,Manual,FALSE,2006,black
22,Dealer Inventory CNC Motors: 2011 GT3 RS In Carrera White w/ White Gold Contrast!,GT3 RS,FALSE,Upland,USA,Dealer Inventory CNC Motors: 2011 GT3 RS In Carrera White w/ White Gold Contrast!,Porsche,11558,911,2019-07-14T02:10:00.000Z,169997,CA,Manual,FALSE,2011,white
23,FS: 2006 Cayman S DE/Racecar - Currently an SPC spec PCA Club Racer,Cayman S,FALSE,Randolph,USA,FS: 2006 Cayman S DE/Racecar - Currently an SPC spec PCA Club Racer,Porsche,25000,Cayman,2019-02-05T06:56:00.000Z,48000,NJ,Manual,FALSE,2006,black
24,2006 Porsche 911 Carrera S 3.8l Track Car GT3 Crayon Clone,GT3,FALSE,Houston,USA,2006 Porsche 911 Carrera S 3.8l Track Car GT3 Crayon Clone,Porsche,42000,911,2019-10-06T20:58:00.000Z,50000,TX,Manual,FALSE,2006,gray
25, 2006 Cayman S for sale very good condition but does not run,Cayman S,FALSE,Kansas City,USA, 2006 Cayman S for sale very good condition but does not run,Porsche,54000,Cayman,2019-11-11T23:28:00.000Z,9000,MO,Manual,FALSE,2006,silver
26,The Ultimate Cayman R Track Car,Cayman R,FALSE,West Palm Beach,USA,The Ultimate Cayman R Track Car,Porsche,19600,Cayman,2019-07-29T02:50:00.000Z,71900,FL,Automatic,FALSE,2012,blue
27,2005 Porsche Carrera S,Carrera S,FALSE,Cumming,USA,2005 Porsche Carrera S,Porsche,52500,911,2019-10-23T02:23:00.000Z,44999,GA,Manual,FALSE,2005,gray
28,2009 Porsche Cayman PDK - street/track,Cayman,FALSE,Lawrenceburg,USA,2009 Porsche Cayman PDK - street/track,Porsche,85000,Cayman,2019-06-07T01:39:00.000Z,27500,TN,Automatic,FALSE,2009,black
29,06 Cayman 987.1 Track Car with 3.6L X51,Cayman,FALSE,St Pete Clearwater Area,USA,06 Cayman 987.1 Track Car with 3.6L X51,Porsche,40000,Cayman,2019-06-03T21:10:00.000Z,55000,FL,Manual,FALSE,2006,silver
30, 2007 Cayman S Manual in Cobalt Blue,Cayman S,FALSE,Parker,USA, 2007 Cayman S Manual in Cobalt Blue,Porsche,30600,Cayman,2019-10-30T04:45:00.000Z,26000,TX,Manual,FALSE,2007,blue
31,Perfect Beginning HPDE Cayman S,Cayman S,FALSE,Downingtown,USA,Perfect Beginning HPDE Cayman S,Porsche,59000,Cayman,2019-05-28T19:22:00.000Z,27500,PA,Manual,FALSE,2007,gray
32,2007 Porsche 911 Turbo - 39k miles - Loaded,Turbo,FALSE,Boca Raton,USA,2007 Porsche 911 Turbo - 39k miles - Loaded,Porsche,39200,911,2019-11-06T00:58:00.000Z,79900,FL,Manual,TRUE,2007,blue
33,2006 Porsche 911 Carrera 6spd Sunroof Aero Kit Sport Chrono Custom Paint Extras,Carrera,FALSE,Chesterfield,USA,"2006 Porsche 911 Carrera, 6spd, Sunroof, Aero Kit, Sport Chrono, Custom Paint, Extras",Porsche,66013,911,2019-10-31T03:11:00.000Z,36000,MI,Manual,FALSE,2006,blue
34,2007 Porsche 911 Turbo (997) Coupe,Turbo,FALSE,Ann Arbor,USA,2007 Porsche 911 Turbo (997) Coupe,Porsche,23789,911,2019-10-10T00:24:00.000Z,72500,MI,Automatic,TRUE,2007,gray
35,xlnt 997.2 C4S,Carrera 4S,FALSE,Santa Monica,USA,xlnt 997.2 C4S,Porsche,62000,911,2019-11-04T07:48:00.000Z,54000,CA,Automatic,FALSE,2009,gray
36,2009 911 C4S Cabriolet PDK/ 997.2,Carrera 4S,TRUE,Cypress,United States,2009 911 C4S Cabriolet PDK/ 997.2,Porsche,58000,911,8/21/19 0:53,45000,CA,Automatic,FALSE,2009,unknown
37,2006 Porsche 911 Carrera S 6spd,Carrera S,FALSE,San Diego,USA,2006 Porsche 911 Carrera S 6spd,Porsche,85000,911,2019-09-13T04:08:00.000Z,37500,CA,Manual,FALSE,2006,blue
38,2012 Porsche 911 Turbo S - Carrara White on Black(w/ deviated stitch) -- STOCK,Turbo S,FALSE,Chicago,USA,2012 Porsche 911 Turbo S - Carrara White on Black(w/ deviated stitch) -- STOCK,Porsche,19500,911,2018-12-17T23:05:00.000Z,101000,IL,Automatic,TRUE,2012,white
39,2011 Porsche 911 GT2 RS - #389 of 500,GT2 RS,FALSE,Addison,USA,2011 Porsche 911 GT2 RS - #389 of 500,Porsche,1075,911,2019-11-03T03:05:00.000Z,415900,TX,Manual,FALSE,2011,black
40,Porsche 911 Carrera S RARE Centro,Carrera S,FALSE,Houston,USA,Porsche 911 Carrera S RARE Centro,Porsche,30954,911,2019-09-21T07:59:00.000Z,70000,TX,Manual,FALSE,2008,white
41,2007 Cayman S for sale,Cayman S,FALSE,West Orange,USA,2007 Cayman S for sale,Porsche,91450,Cayman,2019-09-01T01:27:00.000Z,22000,NJ,Manual,FALSE,2007,white
42,2007 Porsche 911 Carrera - Cobalt Blue - 81k miles,Carrera,FALSE,Kennett Square,USA,2007 Porsche 911 Carrera - Cobalt Blue - 81k miles,Porsche,82000,911,2019-08-28T06:39:00.000Z,30900,PA,Manual,FALSE,2007,blue
43,2007 Gemballa Tech Art 911 Turbo  stunning 16900 miles,Turbo,FALSE,Norman,USA,"2007 Gemballa Tech Art 911 Turbo,  stunning, 16,900 miles",Porsche,16900,911,2019-07-19T22:43:00.000Z,99999,OK,Manual,TRUE,2007,red
44,CPO 2012 Porsche 911 GTS Cab PDK,Carrera GTS,TRUE,College Station,USA,CPO 2012 Porsche 911 GTS Cab PDK,Porsche,40279,911,2019-10-09T09:12:00.000Z,64500,TX,Automatic,FALSE,2012,black
45,For Sale 2007 Porsche Turbo 997.1 (Meteor Grey),Turbo,FALSE,Los Angeles,USA,For Sale 2007 Porsche Turbo 997.1 (Meteor Grey),Porsche,40500,911,2019-05-10T11:06:00.000Z,69500,CA,Manual,TRUE,2007,gray
46,2010 C2S Cabriolet 6 Speed Manual Triple Black,Carrera S,TRUE,Darien,USA,2010 C2S Cabriolet 6 Speed Manual Triple Black,Porsche,30800,911,2019-08-25T03:23:00.000Z,52900,CT,Manual,FALSE,2010,black
47,2009 Porsche 911 Turbo Cab (997.1 - tweener) -- 40k mi/6-speed,Turbo,TRUE,Park City,USA,2009 Porsche 911 Turbo Cab (997.1 - tweener) -- 40k mi/6-speed,Porsche,40000,911,2019-05-14T22:13:00.000Z,74999,UT,Manual,TRUE,2009,silver
48,997.2 C2S PDK Sport/+ For Sale,Carrera S,FALSE,Potomac,USA,997.2 C2S PDK Sport/+ For Sale,Porsche,66000,911,2019-08-21T05:12:00.000Z,48000,MD,Automatic,FALSE,2009,other
49,2012 Porsche 911 997.2 GTS | CPO,Carrera GTS,FALSE,San Francisco,USA,2012 Porsche 911 997.2 GTS | CPO,Porsche,54800,911,2019-10-30T06:42:00.000Z,69150,CA,Automatic,FALSE,2012,gray
50,2007 Porsche 911 Turbo Manual (997.1TT) - Columbus GA,Turbo,FALSE,Columbus,USA,"2007 Porsche 911 Turbo Manual (997.1TT) - Columbus, GA",Porsche,71000,911,2019-10-22T07:36:00.000Z,59500,GA,Manual,TRUE,2007,black
51,2012 Cayman R Track Prep GTB-1 Race Car,Cayman R,FALSE,Rochester,USA,2012 Cayman R Track Prep GTB-1 Race Car,Porsche,13000,Cayman,2019-06-27T23:26:00.000Z,85000,NY,Manual,FALSE,2012,black
52,2007 Cayman 31k miles tiptronic major maintenance done,Cayman,FALSE,Chiacago,USA,"2007 Cayman 31k miles, tiptronic, major maintenance done",Porsche,31000,Cayman,2019-10-27T03:26:00.000Z,23000,IL,Automatic,FALSE,2007,black
53,2012 Porsche Cayman R,Cayman R,FALSE,Atlanta,USA,2012 Porsche Cayman R,Porsche,14329,Cayman,2019-10-25T03:50:00.000Z,68500,GA,Automatic,FALSE,2012,white
54,2010 Cayman S: Perfect HPDE Car,Cayman S,FALSE,Baltimore,USA,2010 Cayman S: Perfect HPDE Car,Porsche,26267,Cayman,2019-10-25T21:09:00.000Z,45000,MD,Manual,FALSE,2010,black
55,2008 Porsche 911 Turbo w/ Manual Transmission!,Turbo,FALSE,Murrieta,USA,2008 Porsche 911 Turbo w/ Manual Transmission!,Porsche,51100,911,2019-07-28T04:01:00.000Z,74990,CA,Manual,TRUE,2008,gray
56,2007 Porsche 911 c2 with Ohlins and e88's,Carrera,FALSE,Webster,USA,2007 Porsche 911 c2 with Ohlins and e88's,Porsche,85000,911,2019-09-12T11:57:00.000Z,27000,NY,Manual,FALSE,2007,black
57,2010 Porsche 911 Turbo / 997.2 / GT2 RS Look / AWE 750 HP,Turbo,FALSE,Pittsburgh,USA,2010 Porsche 911 Turbo / 997.2 / GT2 RS Look / AWE 750 HP,Porsche,15500,911,2019-08-22T18:21:00.000Z,105000,PA,Manual,TRUE,2010,white
58,2006 997 C2S Carrera S - 33500 miles - 6MT Manual,Carrera S,FALSE,Brooklyn Or Manhattan,USA,"2006 997 C2S Carrera S - 33,500 miles - 6MT Manual",Porsche,33500,911,2019-04-22T21:53:00.000Z,44100,NY,Manual,FALSE,2006,silver
59,2006 911 C2S 6spd,Carrera S,FALSE,Parker,USA,2006 911 C2S 6spd,Porsche,43800,911,2019-08-07T23:28:00.000Z,42000,CO,Manual,FALSE,2006,black
60,Beautiful Unique Carbon Interior Finish 2008 Porsche 911 Turbo Coupe Manual,Turbo,FALSE,Denver,USA,"Beautiful, Unique, Carbon Interior Finish, 2008 Porsche 911 Turbo, Coupe, Manual",Porsche,49500,911,2019-08-15T23:04:00.000Z,65500,CO,Manual,TRUE,2008,silver
61,2005 997 Carrera 6 Speed,Carrera,FALSE,Naples,USA,2005 997 Carrera 6 Speed,Porsche,89700,911,2019-06-10T21:50:00.000Z,29000,FL,Manual,FALSE,2005,silver
62,2005 Porsche 911 Carrera,Carrera,FALSE,Madison,USA,2005 Porsche 911 Carrera,Porsche,65000,911,2018-11-11T21:06:00.000Z,29995,NJ,Automatic,FALSE,2005,other
63,Top Dog - Turbo Cabriolet with all the options,Turbo,TRUE,Wheaton,USA,Top Dog - Turbo Cabriolet with all the options,Porsche,21000,911,2019-10-23T05:42:00.000Z,79900,IL,Manual,TRUE,2008,black
64,2007 911 Turbo Vorsteiner VRT,Turbo,FALSE,Jacksonville,USA,2007 911 Turbo Vorsteiner VRT,Porsche,41000,911,2019-09-25T07:13:00.000Z,85000,FL,Manual,TRUE,2007,white
65,2012 Porsche Cayman for sale,Cayman,FALSE,Plano,USA,2012 Porsche Cayman for sale,Porsche,49900,Cayman,2019-01-16T07:14:00.000Z,31000,TX,Automatic,FALSE,2012,white
66,2011 Porsche 911 C2 997.2 6 Speed Manual,Carrera,FALSE,Agoura Hills,USA,2011 Porsche 911 C2 997.2 6 Speed Manual,Porsche,88400,911,2019-07-16T13:02:00.000Z,38500,CA,Manual,FALSE,2011,black
67,2009 Carrera 4S PDK 23k Miles!!! 1 Owner!!! Very Clean!!!,Carrera 4S,FALSE,Tucson,USA,"2009 Carrera 4S, PDK, 23k Miles!!! 1 Owner!!! Very Clean!!!",Porsche,23321,911,2019-10-12T02:24:00.000Z,64000,AZ,Automatic,FALSE,2009,gray
68,2009 911 Carrera cabriolet 997.2 PDK,Carrera,TRUE,Chambersburg,USA,2009 911 Carrera cabriolet 997.2 PDK,Porsche,64900,911,2019-09-15T07:12:00.000Z,40500,PA,Automatic,FALSE,2009,silver
69,DELETE - Double post,Cayman,FALSE,Des Moines,USA,DELETE - Double post,Porsche,91000,Cayman,2019-10-10T19:45:00.000Z,22000,IA,Manual,FALSE,2007,blue
70,2012.5 Porsche 911 Carrera S Coupe (991),Carrera S,FALSE,Downers Grove,USA,2012.5 Porsche 911 Carrera S Coupe (991),Porsche,39800,911,2019-09-27T19:39:00.000Z,65000,IL,Automatic,FALSE,2012,red
71,2006 997S 6-speed $42k Black on Gray,Carrera S,FALSE,Tampa,USA,"2006 997S, 6-speed, $42k, Black on Gray",Porsche,38300,911,2019-09-18T02:26:00.000Z,42000,FL,Manual,FALSE,2006,black
72,2005 Porsche Carrera  Manual Transmission,Carrera,FALSE,Jamestown,USA,"2005 Porsche Carrera , Manual Transmission",Porsche,49100,911,2018-11-03T18:38:00.000Z,32000,IN,Manual,FALSE,2005,silver
73,2011 987.2 Cayman 6MT 54050 miles bumper-to-bumper warranty,Cayman,FALSE,Parlin,USA,"2011 987.2 Cayman 6MT 54,050 miles, bumper-to-bumper warranty",Porsche,54050,Cayman,2019-06-03T05:51:00.000Z,28900,NJ,Manual,FALSE,2011,white
74,The Ultimate Track-Oriented Cayman R,Cayman R,FALSE,West Palm Beach,USA,The Ultimate Track-Oriented Cayman R,Porsche,19350,Cayman,2019-09-19T18:18:00.000Z,74900,FL,Automatic,FALSE,2012,blue
75,2007 997.1 911 Turbo MT Black Coupe Low Miles 11k Classic & Pristine,Turbo,FALSE,Jackson,USA,2007 997.1 911 Turbo MT Black Coupe Low Miles 11k Classic & Pristine,Porsche,11256,911,2019-09-17T12:43:00.000Z,94500,WY,Manual,TRUE,2007,black
76,2006 Porsche Cayman S-Sport Adaptive Seats+ GMG maintained,Cayman S,FALSE,Culver City,USA,2006 Porsche Cayman S-Sport Adaptive Seats+ GMG maintained,Porsche,79000,Cayman,2019-01-04T03:55:00.000Z,24000,CA,Manual,FALSE,2006,black
77,2006 Porsche 911 Carrera 4 Cabriolet with warranty!,Carrera 4,TRUE,Houston,USA,2006 Porsche 911 Carrera 4 Cabriolet with warranty!,Porsche,49700,911,2019-09-06T10:02:00.000Z,34400,TX,Manual,FALSE,2006,gray
78,2012 911 C4GTS,Carrera GTS,FALSE,Trabuco Canyon,USA,2012 911 C4GTS,Porsche,6820,911,2019-09-10T04:07:00.000Z,83500,CA,Automatic,FALSE,2012,black
79,2005 Porsche 911 Carrera Cabriolet,Carrera,TRUE,Seattle,USA,2005 Porsche 911 Carrera Cabriolet,Porsche,45590,911,2019-07-23T03:48:00.000Z,26500,WA,Automatic,FALSE,2005,black
80,2006 Porsche 911 Carrera Cab 6spd Manual,Carrera,TRUE,Glendale,USA,2006 Porsche 911 Carrera Cab 6spd Manual,Porsche,46000,911,2019-09-24T08:31:00.000Z,37000,CA,Manual,FALSE,2006,blue
81,2009 Porsche 911 4S - Heavily Optioned - $126k MSRP,Carrera 4S,FALSE,Lapeer,USA,2009 Porsche 911 4S - Heavily Optioned - $126k MSRP,Porsche,92000,911,2018-10-28T06:28:00.000Z,46000,MI,Automatic,FALSE,2009,gray
82,2007 Porsche Cayman S,Cayman S,FALSE,Calgary,Canada,2007 Porsche Cayman S,Porsche,64250,Cayman,2019-07-06T02:33:00.000Z,30000,AB,Manual,FALSE,2007,gray
83,2009 Porsche 911 997.2,unknown,FALSE,Toronto,Canada,2009 Porsche 911 997.2,Porsche,60500,911,2019-07-08T19:00:00.000Z,37000,ON,Automatic,FALSE,2009,white
84,2012 Porsche 911 Turbo S - Carrara White on Black(w/ deviated stitch) -- STOCK,Turbo S,FALSE,Chicago,USA,2012 Porsche 911 Turbo S - Carrara White on Black(w/ deviated stitch) -- STOCK,Porsche,19900,911,2019-09-17T21:07:00.000Z,106000,IL,Automatic,TRUE,2012,white
85,Rare find! Porsche 911 Turbo S - 3900 miles & perfect condition,Turbo S,FALSE,Reno,USA,Rare find! Porsche 911 Turbo S - 3900 miles & perfect condition,Porsche,3900,911,2019-08-27T01:57:00.000Z,125000,NV,Automatic,TRUE,2011,silver
86, FS: 2010 Porsche Carrera C2 6MT,Carrera S,FALSE,Boston,USA, FS: 2010 Porsche Carrera C2 6MT,Porsche,47200,911,2019-06-21T07:02:00.000Z,48000,MA,Manual,FALSE,2010,black
87,2005 911 Turbo S immaculate in Guards Red,Turbo S,FALSE,Cupertino,USA,"2005 911 Turbo S, immaculate in Guards Red",Porsche,54900,911,2019-09-09T08:24:00.000Z,55000,CA,Manual,TRUE,2005,red
88,2007 Porsche 911 C4S low miles - 26200,Carrera 4S,FALSE,Sisters,USA,"2007 Porsche 911 C4S low miles - 26,200",Porsche,26300,911,2019-08-31T05:45:00.000Z,49750,OR,Automatic,FALSE,2007,silver
89,2012 Porsche 911 S! 31500 Miles. Extremely Clean!,Carrera S,FALSE,Tucson,USA,"2012 Porsche 911 S! 31,500 Miles. Extremely Clean!",Porsche,31500,911,2019-09-05T23:59:00.000Z,68900,AZ,Automatic,FALSE,2012,brown
90,2006 Porsche C4S,Carrera 4S,FALSE,Austin,USA,2006 Porsche C4S,Porsche,62000,911,2019-04-29T19:06:00.000Z,44000,TX,Manual,FALSE,2006,black
91,2010 PORSCHE 911 GT3RS 3.8L/H6 manual,GT3 RS,FALSE,Quincy,USA,"2010 PORSCHE 911 GT3RS, 3.8L/H6, manual",Porsche,25218,911,2019-08-20T20:42:00.000Z,159990,MA,Manual,FALSE,2010,gray
92,Beautiful Porsche Cabriolet S,Carrera S,TRUE,San Diego,USA,Beautiful Porsche Cabriolet S,Porsche,59000,911,2019-08-02T22:31:00.000Z,57000,CA,Automatic,FALSE,2012,white
93, 2007 Cayman S *6MT 39K Miles*,Cayman S,FALSE,Lincoln,USA, 2007 Cayman S *6MT 39K Miles*,Porsche,39750,Cayman,2019-07-31T06:42:00.000Z,31900,NE,Manual,FALSE,2007,red
94,2011 Porsche 911 Turbo S!,Turbo S,FALSE,Davie,USA,2011 Porsche 911 Turbo S!,Porsche,30181,911,2019-08-21T03:04:00.000Z,98995,FL,Automatic,TRUE,2011,blue
95,2011 Porsche 911 Carrera 997.2 PDK | Sport Seats | Clear Bra | Ceramic Coat,Carrera,FALSE,Norco,USA,2011 Porsche 911 Carrera 997.2 PDK | Sport Seats | Clear Bra | Ceramic Coat,Porsche,64000,911,2019-08-02T20:11:00.000Z,47490,CA,Automatic,FALSE,2011,white
96,06 cobolt blue c2s  with powerkit/street hpde car    factory installed x51 kit,Carrera,FALSE,Augusta,USA,06 cobolt blue c2s  with powerkit/street hpde car    factory installed x51 kit,Porsche,37000,911,2019-07-27T15:17:00.000Z,45000,GA,Manual,FALSE,2006,blue
97,2009 Carrera 4 997.2 MT Black on Black,Carrera 4,FALSE,Reno,USA,2009 Carrera 4 997.2 MT Black on Black,Porsche,61000,911,2018-11-30T05:04:00.000Z,42900,NV,Manual,FALSE,2009,black
98,Great Cayman S track car,Cayman S,FALSE,Clermont,USA,Great Cayman S track car,Porsche,48155,Cayman,2018-11-27T06:47:00.000Z,41000,FL,Manual,FALSE,2009,blue
99,2012 911 S Agate Gray,Carrera S,FALSE,Mesa,USA,2012 911 S Agate Gray,Porsche,52000,911,2019-07-22T03:08:00.000Z,69000,AZ,Automatic,FALSE,2012,gray
100,Excellent condition Cayman S looking for a good home.,Cayman S,FALSE,Burlington,Canada,Excellent condition Cayman S looking for a good home.,Porsche,45000,Cayman,2019-04-25T22:56:00.000Z,44900,ON,Manual,FALSE,2012,white
101,2012 Basalt Black Metallic 997.2 GTS - CPO,Carrera GTS,FALSE,Seattle,USA,2012 Basalt Black Metallic 997.2 GTS - CPO,Porsche,60000,911,2019-03-21T22:00:00.000Z,65000,WA,Automatic,FALSE,2012,black
102,06 cobolt blue c2s  with powerkit/street hpde car,Carrera,FALSE,Augusta,USA,06 cobolt blue c2s  with powerkit/street hpde car,Porsche,37000,911,2019-07-27T15:16:00.000Z,45000,GA,Manual,FALSE,2006,blue
103,997.1 C4S 6 speed manual,Carrera 4S,FALSE,Boston,USA,997.1 C4S 6 speed manual,Porsche,69485,911,2019-01-03T02:24:00.000Z,42500,MA,Manual,FALSE,2008,blue
104,Gorgeous 2008 911 Targa 4s,Targa 4S,FALSE,Woodinville,USA,Gorgeous 2008 911 Targa 4s,Porsche,23867,911,2018-09-28T02:26:00.000Z,52500,WA,Automatic,FALSE,2008,gray
105,2008 Porsche 911 Turbo Cab in One-of-One Paint-To-Sample Metallic Green Convertible,Turbo,TRUE,Upland,USA,2008 Porsche 911 Turbo Cab in One-of-One Paint-To-Sample Metallic Green Convertible,Porsche,72601,911,2019-05-14T07:57:00.000Z,69997,CA,Manual,TRUE,2008,other
106,Original Owner 991 Base Cab with a 7 Speed Manual Trans absolutely like new,Carrera,TRUE,Cary,USA,Original Owner 991 Base Cab with a 7 Speed Manual Trans absolutely like new,Porsche,38900,911,2019-06-29T16:32:00.000Z,62500,NC,Manual,FALSE,2012,silver
107,2008 Porsche 911 Carerra C4S Cabriolet Manual Transmission,Carrera 4S,TRUE,Palisades,USA,"2008 Porsche 911 Carerra C4S Cabriolet, Manual Transmission",Porsche,60100,911,2019-04-22T17:56:00.000Z,42000,NY,Manual,FALSE,2008,silver
108,2005 Turbo S Cab Tiptronic,Turbo S,TRUE,Albany,USA,2005 Turbo S Cab Tiptronic,Porsche,75000,911,2019-06-26T16:49:00.000Z,47000,NY,Automatic,TRUE,2005,silver
109,Mint 2009 911 Carrer 4 Cabriolet - Very Low Miles ( 17K ),Carrera 4,TRUE,Easton,USA,Mint 2009 911 Carrer 4 Cabriolet - Very Low Miles ( 17K ),Porsche,17000,911,2019-09-05T19:33:00.000Z,55000,CT,Manual,FALSE,2009,black
110,WTS: 2007 Porsche Cayman 2.7L 5spd Turn Key,Cayman,FALSE,Canton,USA,WTS: 2007 Porsche Cayman 2.7L 5spd Turn Key,Porsche,144999,Cayman,2019-05-26T01:42:00.000Z,12000,CT,Manual,FALSE,2007,silver
111, 2009 2nd Generation Porsche CAYMAN S GTB1 Race Car,Cayman S,FALSE,Albany,USA, 2009 2nd Generation Porsche CAYMAN S GTB1 Race Car,Porsche,22226,Cayman,2019-02-24T00:56:00.000Z,59900,NY,Manual,FALSE,2009,other
112,2009 Porsche 911 Carrera 4 - Meteor Grey on Black PDK Extremely well maintained,Carrera 4,FALSE,Toronto,Canada,"2009 Porsche 911 Carrera 4 - Meteor Grey on Black, PDK, Extremely well maintained",Porsche,67108,911,2019-05-28T19:41:00.000Z,56000,ON,Automatic,FALSE,2009,gray
113,09 Cayman Racecar,Cayman R,FALSE,Summit Point,USA,09 Cayman Racecar,Porsche,39500,Cayman,2019-03-24T20:46:00.000Z,60000,WV,Manual,FALSE,2009,white
114, 2006 997.1 S Cabriolet  Manual transmission,Carrera S,TRUE,Hinsdale,USA, 2006 997.1 S Cabriolet  Manual transmission,Porsche,92500,911,2019-03-20T22:06:00.000Z,32500,IL,Manual,FALSE,2006,black
115,2007 Cayman Base,Cayman,FALSE,Hot Springs Village,USA,2007 Cayman Base,Porsche,63000,Cayman,2019-04-07T21:33:00.000Z,19500,AR,Manual,FALSE,2007,gray
116, 2010 Porsche 911 S - Meteor Grey - Certified Pre-Owned,Carrera S,FALSE,Scarsdale,USA, 2010 Porsche 911 S - Meteor Grey - Certified Pre-Owned,Porsche,67500,911,2019-06-11T02:33:00.000Z,51000,NY,Automatic,FALSE,2010,gray
117,2009 911 Carrera S Cabriolet For Sale,Carrera S,TRUE,Leawood,USA,2009 911 Carrera S Cabriolet For Sale,Porsche,26151,911,2019-08-31T02:03:00.000Z,63000,KS,Automatic,FALSE,2009,other
118,rare 2012 997.2 6MT C2S in platinum silver in excellent mechanical condition,Carrera S,FALSE,Campbell,USA,rare 2012 997.2 6MT C2S in platinum silver in excellent mechanical condition,Porsche,56000,911,2019-06-24T06:36:00.000Z,61997,CA,Manual,FALSE,2012,silver
119, Porsche 2006 Cabriolet C4,Carrera 4,TRUE,Ocean,USA, Porsche 2006 Cabriolet C4,Porsche,47600,911,2019-06-14T17:41:00.000Z,31500,NJ,Manual,FALSE,2006,black
120, 2007 Porsche Cayman Race Car,Cayman R,FALSE,Blauvelt,USA, 2007 Porsche Cayman Race Car,Porsche,53643,Cayman,2019-06-27T23:16:00.000Z,45000,NY,Manual,FALSE,2007,red
121,cobolt blue C2s 997.1 2006   lots of goodies street or track,Carrera,FALSE,Augusta,USA,cobolt blue C2s 997.1 2006   lots of goodies street or track,Porsche,37000,911,2019-05-26T16:39:00.000Z,45000,GA,Manual,FALSE,2006,blue
122,2006 Porsche 911 Cabriolet,unknown,TRUE,Miami,USA,2006 Porsche 911 Cabriolet,Porsche,37500,911,2019-08-10T21:06:00.000Z,38000,FL,Automatic,FALSE,2006,yellow
123,2011 Porsche 911 Turbo S AWD Dark Metallic Blue All Leather,Turbo S,FALSE,Pittsburgh,USA,"2011 Porsche 911 Turbo S AWD, Dark Metallic Blue, All Leather",Porsche,46118,911,2019-06-24T02:19:00.000Z,90959,PA,Automatic,TRUE,2011,blue
124,Guards Red 997,unknown,FALSE,Burbank,United States,Guards Red 997,Porsche,74000,911,1/25/19 11:42,29900,CA,Manual,FALSE,2007,unknown
125, 2006 Porsche Cayman S - 32k miles.  $25250 sale pending (first $26k takes it),Cayman S,FALSE,Dallas,USA," 2006 Porsche Cayman S - 32k miles.  $25,250 sale pending (first $26k takes it)",Porsche,32500,Cayman,2019-05-25T17:59:00.000Z,26000,TX,Manual,FALSE,2006,silver
126,2009 Cayman S PDK with Sport Chrono and Track Focused Upgrades,Cayman S,FALSE,Winnetka,USA,2009 Cayman S PDK with Sport Chrono and Track Focused Upgrades,Porsche,39800,Cayman,2019-07-24T07:23:00.000Z,52000,IL,Automatic,FALSE,2009,black
127,Original Owner 991 Base Cab with a 7 Speed Manual Trans absolutely like new,Carrera,TRUE,Cary,USA,Original Owner 991 Base Cab with a 7 Speed Manual Trans absolutely like new,Porsche,38900,911,2019-06-17T00:56:00.000Z,62500,NC,Manual,FALSE,2012,silver
128,2009 Targa 4,Targa 4,FALSE,Senoia,USA,2009 Targa 4,Porsche,30500,911,2019-03-02T23:22:00.000Z,49000,GA,Manual,FALSE,2009,white
129,Stunning Satin Red with Two Tone Silver 2005 Porsche 997,unknown,FALSE,Madison,USA,Stunning Satin Red with Two Tone Silver 2005 Porsche 997,Porsche,64965,911,2019-07-19T00:40:00.000Z,43000,WI,Automatic,FALSE,2005,red
130,2005 Porsche 911 Carrera S,Carrera S,FALSE,Rockledge,USA,2005 Porsche 911 Carrera S,Porsche,52400,911,2019-05-27T20:06:00.000Z,39900,FL,Automatic,FALSE,2005,silver
131,2011 Porsche 911 GTS Cabriolet,Carrera GTS,TRUE,Diablo,USA,2011 Porsche 911 GTS Cabriolet,Porsche,14400,911,2018-10-27T02:11:00.000Z,74500,CA,Automatic,FALSE,2011,black
132,2012 CAYMAN R,Cayman R,FALSE,Louisville,USA,2012 CAYMAN R,Porsche,35000,Cayman,2018-12-14T20:13:00.000Z,52500,KY,Automatic,FALSE,2012,red
133, 2012 Porsche 991/911 Carrera S Guards Red - Soul Performance Exhaust,Carrera S,FALSE,Knoxville,USA, 2012 Porsche 991/911 Carrera S Guards Red - Soul Performance Exhaust,Porsche,30500,911,2019-01-14T23:58:00.000Z,65000,TN,Automatic,FALSE,2012,red
134, 2010 Porsche 911 Carerra 4S (997.2),Carrera 4S,FALSE,Pelham Manor,USA, 2010 Porsche 911 Carerra 4S (997.2),Porsche,73000,911,2019-06-02T19:27:00.000Z,46500,NY,Automatic,FALSE,2010,black
135,2006 Cayman S - 4.2L Street / Track Car,Cayman S,FALSE,Memphis,USA,2006 Cayman S - 4.2L Street / Track Car,Porsche,95000,Cayman,2019-05-30T02:17:00.000Z,65000,TN,Manual,FALSE,2006,blue
136,2010 Carrera 4S 6 speed Coupe.  47K miles Meteor Grey Metallic/Black leather.,Carrera 4S,FALSE,Danville,United States,"2010 Carrera 4S 6 speed Coupe.  47K miles, Meteor Grey Metallic/Black leather.",Porsche,47000,911,5/11/19 19:27,0,CA,Manual,FALSE,2010,unknown
137,Rare cobalt blue 06 C2s w factory X51 kit  price drop 45K,Carrera,FALSE,Augusta,USA,Rare cobalt blue 06 C2s w factory X51 kit  price drop 45K,Porsche,37000,911,2019-07-01T16:09:00.000Z,45000,GA,Manual,FALSE,2006,blue
138, 2009 911 Turbo Cab manual very high spec last of the Metzger,Turbo,TRUE,Oshkosh,USA," 2009 911 Turbo Cab, manual, very high spec, last of the Metzger",Porsche,24600,911,2019-01-20T00:51:00.000Z,89900,WI,Manual,TRUE,2009,white
139,2009 PORSCHE 911 TURBO AWD,Turbo,FALSE,Port St Lucie,USA,2009 PORSCHE 911 TURBO AWD,Porsche,32000,911,2019-05-20T21:16:00.000Z,78000,FL,Automatic,TRUE,2009,blue
140, FS: 2011 997.2 Manual Coupe,Carrera S,FALSE,Albuquerque,USA, FS: 2011 997.2 Manual Coupe,Porsche,54000,911,2019-04-25T09:58:00.000Z,47800,NM,Manual,FALSE,2011,blue
141,2006 Porsche Cayman S Track Car - Fully Built,Cayman S,FALSE,Warren,United States,2006 Porsche Cayman S Track Car - Fully Built,Porsche,25000,Cayman,3/11/19 19:44,52000,NJ,Manual,FALSE,2006,unknown
142,2009 911 Turbo Coupe 6spd Blk/Blk w/ light mods,Turbo,FALSE,Torrance,USA,2009 911 Turbo Coupe 6spd Blk/Blk w/ light mods,Porsche,80020,911,2019-05-02T20:26:00.000Z,80000,CA,Manual,TRUE,2009,black
143,2007 Speed Yellow 911 Turbo 6spd 997,Turbo,FALSE,Coral Gables,USA,2007 Speed Yellow 911 Turbo 6spd 997,Porsche,37850,911,2019-11-21T09:56:00.000Z,79800,FL,Manual,TRUE,2007,yellow
144,2011 Carrera S/ 42K Miles/ PDK/ Sport Chrono/ Carbon Pkg/ MINT,Carrera S,FALSE,San Diego,United States,2011 Carrera S/ 42K Miles/ PDK/ Sport Chrono/ Carbon Pkg/ MINT,Porsche,42000,911,11/19/19 18:58,58000,CA,Automatic,FALSE,2011,unknown
145,2005 Carrera S w/PPCB Sport Chrono Sport Seats Bose full leather sport shifter,Carrera S,FALSE,Seattle,USA,"2005 Carrera S w/PPCB, Sport Chrono, Sport Seats, Bose, full leather, sport shifter",Porsche,85300,911,2019-11-19T01:02:00.000Z,37950,WA,Manual,FALSE,2005,yellow
146,2010 Porsche GT3,GT3,FALSE,Boca Raton,USA,2010 Porsche GT3,Porsche,19300,911,2019-11-19T21:19:00.000Z,110000,FL,Manual,FALSE,2010,white
147,2008 Porsche 911 S Cabriolet in fantastic Ruby Red Metallic Over Black Interior,Carrera S,TRUE,Collierville,USA,2008 Porsche 911 S Cabriolet in fantastic Ruby Red Metallic Over Black Interior,Porsche,94200,911,2019-11-16T17:15:00.000Z,31500,TN,Automatic,FALSE,2008,other
148,2009 911 carrera PDK,Carrera,FALSE,Redmond,USA,2009 911 carrera PDK,Porsche,52000,911,2019-12-08T01:34:00.000Z,39995,WA,Automatic,FALSE,2009,white
149,2006 Porsche Cayman S,Cayman S,FALSE,Simpsonville,USA,2006 Porsche Cayman S,Porsche,148100,Cayman,2019-12-06T21:17:00.000Z,13500,SC,Manual,FALSE,2006,blue
150,2008 Porsche Carrera S GT3 Front Bumper Carrera Sport Wheels Fister Exhaust,GT3,FALSE,Norco,USA,2008 Porsche Carrera S GT3 Front Bumper Carrera Sport Wheels Fister Exhaust,Porsche,133600,911,2019-12-05T19:42:00.000Z,27990,CA,Manual,FALSE,2008,silver
151,Porsche 06 Carrera 4S AWD 8400 Miles,Carrera 4S,FALSE,Spicewood,USA,"Porsche 06 Carrera 4S AWD 8,400 Miles",Porsche,8400,911,2019-12-04T00:40:00.000Z,47900,TX,Automatic,FALSE,2006,silver
152,Real Life Storm Trooper,unknown,FALSE,Batavia,USA,Real Life Storm Trooper,Porsche,49256,911,2019-12-03T03:36:00.000Z,73900,IL,Automatic,FALSE,2011,white
153,For Sale In Seattle WA: 2012 Porsche 911 Turbo Cabriolet_$92500,Turbo,TRUE,Seattle,USA,"For Sale In Seattle, WA: 2012 Porsche 911 Turbo Cabriolet_$92,500",Porsche,14043,911,2019-12-05T06:38:00.000Z,92500,WA,Manual,TRUE,2012,white
154, 2006 911 C4S Coupe-Manual-Well maintained!,Carrera 4S,FALSE,Richmond,USA, 2006 911 C4S Coupe-Manual-Well maintained!,Porsche,49100,911,2019-12-02T23:47:00.000Z,44900,VA,Manual,FALSE,2006,silver
155,2006 911 Carrera S 6 Speed,Carrera S,FALSE,San Mateo,USA,2006 911 Carrera S 6 Speed,Porsche,50544,911,2019-11-28T23:11:00.000Z,48500,CA,Manual,FALSE,2006,white
156,2012 911 Carrera 4 GTS Aero Kit w/6 speed manual. Carrera White w/black interior.,Carrera GTS,FALSE,Knoxville,USA,2012 911 Carrera 4 GTS Aero Kit w/6 speed manual. Carrera White w/black interior.,Porsche,42075,911,2019-11-26T21:29:00.000Z,83500,TN,Manual,FALSE,2012,white
157,2006 911 S Cabriolet 29K miles Black and Terra Cotta Interior,Carrera S,TRUE,Perkasie,USA,2006 911 S Cabriolet 29K miles Black and Terra Cotta Interior,Porsche,29836,911,2019-11-26T06:39:00.000Z,40500,PA,Automatic,FALSE,2006,black
158,2011 Porsche Turbo S - Only 14500 miles. Priced to sell,Turbo S,FALSE,Deerfield Beach,USA,"2011 Porsche Turbo S - Only 14,500 miles. Priced to sell",Porsche,14500,911,2018-12-06T00:37:00.000Z,95000,FL,Automatic,TRUE,2011,black
159,FS: 2007 Carrera 4S wtih Aero kit (NJ),Carrera 4S,FALSE,Flemington,USA,FS: 2007 Carrera 4S wtih Aero kit (NJ),Porsche,37500,911,2019-11-04T19:02:00.000Z,50000,NJ,Manual,FALSE,2007,silver
160,Porsche Cayman S 2008,Cayman S,FALSE,Savannah/hilton Head,USA,Porsche Cayman S 2008,Porsche,53000,Cayman,2019-11-14T20:47:00.000Z,32500,SC,Manual,FALSE,2008,red
161,997.2 GT3,GT3,FALSE,Louisville,USA,997.2 GT3,Porsche,12700,911,2019-11-16T05:37:00.000Z,127500,KY,Manual,FALSE,2010,white
162,2011 997.2 S Coupe 16700 miles Limited Slip,Carrera S,FALSE,Bucks County,USA,"2011 997.2 S Coupe 16,700 miles Limited Slip",Porsche,16700,911,2019-11-14T07:19:00.000Z,58200,PA,Automatic,FALSE,2011,silver
163,2005 Porsche 911 Carrera 2S Coupe 6 speed Full Leather,Carrera S,FALSE,Albuquerque,USA,2005 Porsche 911 Carrera 2S Coupe 6 speed Full Leather,Porsche,60699,911,2019-11-15T07:55:00.000Z,40000,NM,Manual,FALSE,2005,silver
164,FS: 2012 Cayman R - Track prepped with low miles and few DE days,Cayman R,FALSE,North Bethesda,USA,FS: 2012 Cayman R - Track prepped with low miles and few DE days,Porsche,32400,Cayman,2019-11-09T01:03:00.000Z,69500,MD,Manual,FALSE,2012,silver
165, 2012 911 Carrera S,Carrera S,FALSE,Princeton,USA, 2012 911 Carrera S,Porsche,29000,911,2019-12-09T21:22:00.000Z,65000,MA,Manual,FALSE,2012,silver
166,2007 911 Turbo 6spd,Turbo,FALSE,Ann Arbor,USA,2007 911 Turbo 6spd,Porsche,39500,911,2019-12-09T08:34:00.000Z,70000,MI,Manual,TRUE,2007,silver
167, 2008 Porsche 911 Carrera S w/ Aero Kit Full Leather Sport Seats Bose CF Package,Carrera S,FALSE,Scottsdale,USA," 2008 Porsche 911 Carrera S w/ Aero Kit, Full Leather, Sport Seats, Bose, CF Package",Porsche,74200,911,2019-12-09T08:28:00.000Z,39000,AZ,Automatic,FALSE,2008,red
168,Porsche Cayman 987.2',Cayman,FALSE,Chicago,USA,Porsche Cayman 987.2',Porsche,28000,Cayman,2019-12-23T22:36:00.000Z,31000,IL,Manual,FALSE,2011,gray
169,2010 911 Turbo,Turbo,FALSE,Beachwood,USA,2010 911 Turbo,Porsche,37616,911,2019-12-21T19:44:00.000Z,75994,OH,Automatic,TRUE,2010,silver
170,2012 911S Guards Red Coupe,Carrera S,FALSE,Austin,USA,2012 911S Guards Red Coupe,Porsche,32600,911,2019-12-20T02:17:00.000Z,66000,TX,Automatic,FALSE,2012,red
171,2007 Carrera S Meteor Gray,Carrera S,FALSE,Houston,USA,2007 Carrera S Meteor Gray,Porsche,68750,911,2019-12-16T06:15:00.000Z,38000,TX,Manual,FALSE,2007,gray
172,2011 Porsche 911 C4S Cabriolet PDK + Sports Package + More,Carrera 4S,TRUE,Palisades Park,USA,2011 Porsche 911 C4S Cabriolet PDK + Sports Package + More,Porsche,37000,911,2019-12-16T04:36:00.000Z,53000,NJ,Automatic,FALSE,2011,silver
173,2006 Cayman S.,Cayman S,FALSE,Southampton,USA,2006 Cayman S.,Porsche,90800,Cayman,2019-12-13T21:50:00.000Z,19500,PA,Manual,FALSE,2006,unknown
174,Beautiful Dark Blue Porsche 2011 911 Turbo S Cabriolet,Turbo S,TRUE,Cincinnati,USA,Beautiful Dark Blue Porsche 2011 911 Turbo S Cabriolet,Porsche,12525,911,2019-12-10T22:06:00.000Z,89000,OH,Manual,TRUE,2011,blue
175,2010 Porsche 911 GT3 in Basalt Black with Black interior,GT3,FALSE,Knoxville,USA,2010 Porsche 911 GT3 in Basalt Black with Black interior,Porsche,27918,911,2019-12-11T01:58:00.000Z,104997,TN,Manual,FALSE,2010,black
176,2007 Cayman S - Roller,Cayman S,FALSE,San Diego Ca,USA,2007 Cayman S - Roller,Porsche,165000,Cayman,2019-12-10T03:20:00.000Z,6000,CA,Manual,FALSE,2007,blue
177,2009 997.2 Carrera 4S Sport Chrono PDK Meteor Grey Full Leather 63.3k miles,Carrera 4S,FALSE,Issaquah,USA,"2009 997.2 Carrera 4S, Sport Chrono, PDK, Meteor Grey, Full Leather, 63.3k miles",Porsche,63359,911,2020-01-03T01:30:00.000Z,52400,WA,Automatic,FALSE,2009,gray
178,2005 Porsche 911 Carrera S,Carrera S,FALSE,Rockledge,USA,2005 Porsche 911 Carrera S,Porsche,52400,911,2020-01-01T16:19:00.000Z,42400,FL,Automatic,FALSE,2005,silver
179,2007 Porsche Cayman S Auto Tiptronic Beauty,Cayman S,FALSE,Orange County,USA,2007 Porsche Cayman S Auto Tiptronic Beauty,Porsche,77750,Cayman,2020-01-01T01:36:00.000Z,24800,CA,Automatic,FALSE,2007,gray
180,2009 Porsche 911 Carrera Cabriolet 997.2 PDK (22k miles),Carrera,TRUE,Staten Island,USA,2009 Porsche 911 Carrera Cabriolet 997.2 PDK (22k miles),Porsche,22285,911,2019-12-29T07:20:00.000Z,45500,NY,Automatic,FALSE,2009,gray
181,2007 Cayman S Ultimate street & track,Cayman S,FALSE,Prosper,USA,2007 Cayman S Ultimate street & track,Porsche,52000,Cayman,2019-12-29T02:54:00.000Z,36000,TX,Manual,FALSE,2007,black
182,2009 911 Carrera S (997.2 THE LAST OF THE PURE DRIVER'S CAR),Carrera S,FALSE,Union City,USA,"2009 911 Carrera S (997.2, THE LAST OF THE PURE DRIVER'S CAR)",Porsche,56483,911,2019-12-28T11:21:00.000Z,54999,CA,Manual,FALSE,2009,white
183,2011 911 Turbo S,Turbo S,FALSE,Atlanta,USA,2011 911 Turbo S,Porsche,34000,911,2019-12-27T10:03:00.000Z,89000,GA,Automatic,TRUE,2011,white
184,Carrera 4S manual,Carrera 4S,FALSE,Chicago,USA,Carrera 4S manual,Porsche,45000,911,2019-12-28T03:05:00.000Z,45000,IL,Manual,FALSE,2006,black
185,2006 cayman s 3.6l 997 engine swap!,Cayman S,FALSE,Agoura Hills,USA,2006 cayman s 3.6l 997 engine swap!,Porsche,116000,Cayman,2019-12-28T04:20:00.000Z,26000,CA,Manual,FALSE,2006,silver
186,2009 Porsche 911S 997.2 6MT (58K miles),Carrera S,FALSE,Houston,USA,2009 Porsche 911S 997.2 6MT (58K miles),Porsche,58406,911,2019-12-28T10:08:00.000Z,45000,TX,Manual,FALSE,2009,gray
187,'11 Cayman silver/black 6MT LSD sport seats sport chrono NEW trans 7k mi. ago!,Cayman,FALSE,Pawtucket,USA,"'11 Cayman, silver/black, 6MT, LSD, sport seats, sport chrono, NEW trans 7k mi. ago!",Porsche,76200,Cayman,2020-02-01T05:23:00.000Z,25000,RI,Manual,FALSE,2011,silver
188,2010 997.2 C4S Arctic Silver 6-sp Manual Clean Complete Excellent Cond 36800 mi,Carrera 4S,FALSE,Louisville,USA,"2010 997.2 C4S Arctic Silver, 6-sp Manual, Clean, Complete, Excellent Cond, 36,800 mi",Porsche,36800,911,2020-01-30T04:16:00.000Z,62500,KY,Manual,FALSE,2010,silver
189,2012 911 TTS Edition 918 Spyder,Turbo S,FALSE,Orlando,USA,2012 911 TTS Edition 918 Spyder,Porsche,13500,911,2020-01-29T05:58:00.000Z,164999,FL,Automatic,FALSE,2012,black
190,2005 Porsche 911 Turbo Cabriolet,Turbo,TRUE,Tega Cay,USA,2005 Porsche 911 Turbo Cabriolet,Porsche,61400,911,2020-01-28T22:20:00.000Z,45900,SC,Manual,TRUE,2005,red
191,2009 Porsche Turbo Cabriolet 6-speed Manual,Turbo,TRUE,Twinsburg,USA,2009 Porsche Turbo Cabriolet 6-speed Manual,Porsche,26600,911,2020-01-29T01:11:00.000Z,86980,OH,Manual,TRUE,2009,red
192,2012 Porsche 911S 991.1 29K miles,Carrera S,FALSE,Miami,USA,2012 Porsche 911S 991.1 29K miles,Porsche,29500,911,2020-01-26T02:41:00.000Z,61000,FL,Automatic,FALSE,2012,white
193,2007 Porsche Turbo Coupe 6600 Miles Gorgeous 2007 Porsche Turbo Coupe 6600 Mi HP Mods,Turbo,FALSE,Huntington,USA,2007 Porsche Turbo Coupe 6600 Miles Gorgeous 2007 Porsche Turbo Coupe 6600 Mi HP Mods,Porsche,6600,911,2020-01-27T19:33:00.000Z,95000,NY,Automatic,TRUE,2007,silver
194,2012 Porsche 911 Turbos S Coupe 918 Spyder Edition,Turbo,FALSE,Kennesaw,USA,2012 Porsche 911 Turbos S Coupe 918 Spyder Edition,Porsche,11625,911,2020-01-23T21:55:00.000Z,159000,GA,Automatic,TRUE,2012,black
195,2010 Porsche 911 Carrera Cabriolet,Carrera,TRUE,San Diego,USA,2010 Porsche 911 Carrera Cabriolet,Porsche,82900,911,2020-01-22T06:02:00.000Z,37999,CA,Automatic,FALSE,2010,black
196,2005 911S X-51,Carrera S,FALSE,Redding,USA,2005 911S X-51,Porsche,88500,911,2020-01-17T10:01:00.000Z,46000,CA,Manual,FALSE,2005,silver
197,Atlas Gray 2010 997.2 C2S PDK - ~33800K miles,Carrera S,FALSE,Austin,USA,"Atlas Gray 2010 997.2 C2S PDK - ~33,800K miles",Porsche,33791,911,2020-01-20T03:54:00.000Z,53000,TX,Automatic,FALSE,2010,gray
198,2012 Porsche Cayman S Black Edition 36k mi 6MT-PCCB-Carbon Buckets-PASM,Cayman S,FALSE,Santa Cruz,USA,2012 Porsche Cayman S Black Edition 36k mi 6MT-PCCB-Carbon Buckets-PASM,Porsche,36100,Cayman,2020-01-14T00:07:00.000Z,0,CA,Manual,FALSE,2012,black
199,***ROLLER*** 2005 997.1S TIPTRONIC *** 997 ROLLER,Carrera S,FALSE,Georgetown,USA,***ROLLER*** 2005 997.1S TIPTRONIC *** 997 ROLLER,Porsche,127000,911,2020-01-20T06:13:00.000Z,12000,TX,Automatic,FALSE,2005,black
200,Pristine 2012 911 Turbo Cab with under 8700miles,Turbo,TRUE,Mt Pleasant,USA,Pristine 2012 911 Turbo Cab with under 8700miles,Porsche,8700,911,2020-01-14T00:05:00.000Z,90000,SC,Automatic,TRUE,2012,black
201,Turbo 911 (997.2)  PDK. Black on Black,Turbo,FALSE,Columbus,USA,Turbo 911 (997.2)  PDK. Black on Black,Porsche,32000,911,2020-01-14T05:24:00.000Z,79000,OH,Automatic,TRUE,2010,black
202,2009 Porsche 911 Turbo - Meteor Grey Metallic -- MINT!,Turbo,FALSE,Scottsdale,USA,2009 Porsche 911 Turbo - Meteor Grey Metallic -- MINT!,Porsche,44400,911,2020-01-13T22:45:00.000Z,82000,AZ,Automatic,TRUE,2009,gray
203,2012 Porsche 991 C2S well equipped with original price at $135000 MSRP,Carrera S,FALSE,San Mateo,USA,"2012 Porsche 991 C2S well equipped with original price at $135,000 MSRP",Porsche,18860,911,2020-01-11T03:17:00.000Z,75000,CA,Automatic,FALSE,2012,blue
204,2009 Porsche Carrera PDK - Excellent Condition 42k miles,Carrera,FALSE,San Francisco,USA,2009 Porsche Carrera PDK - Excellent Condition 42k miles,Porsche,42200,911,2020-01-08T05:28:00.000Z,39500,CA,Automatic,FALSE,2009,black
205,2009 Porsche Cayman S - PDK PASM LSD Sport Chrono - Macadamia Brown/Sand Biege,Cayman S,FALSE,Houston,USA,"2009 Porsche Cayman S - PDK, PASM, LSD, Sport Chrono - Macadamia Brown/Sand Biege",Porsche,81500,Cayman,2020-01-07T21:23:00.000Z,30500,TX,Automatic,FALSE,2009,brown
206,Unicorn build C4S X51 PCCB exclusive options,Carrera 4S,FALSE,Burlingame,USA,Unicorn build C4S X51 PCCB exclusive options,Porsche,55000,911,2020-02-02T01:36:00.000Z,45000,CA,Manual,FALSE,2008,gray
207,2011 997.2 GTS,Carrera GTS,FALSE,Austin,USA,2011 997.2 GTS,Porsche,18900,911,2020-02-01T22:05:00.000Z,73000,TX,Automatic,FALSE,2011,gray
208,2006 Porsche 911 Carrera S-Black-6 Speed-Factory Aerokit-HRE Wheels-Low Mileage,Carrera S,FALSE,Naples,34109,2006 Porsche 911 Carrera S-Black-6 Speed-Factory Aerokit-HRE Wheels-Low Mileage,Porsche,25700,911,2020-03-03T19:52:00.000Z,55000,FL,Manual,FALSE,2006,black
209,2007 Cayman S 6MT: Street Car with Tasteful Mods,Cayman S,FALSE,Richmond,23832,2007 Cayman S 6MT: Street Car with Tasteful Mods,Porsche,54200,Cayman,2020-03-01T16:57:00.000Z,32000,VA,Manual,FALSE,2007,gray
210,6 speed - Porsche Cayman S with serious upgrades,Cayman S,FALSE,San Diego,92129,6 speed - Porsche Cayman S with serious upgrades,Porsche,145000,Cayman,2020-03-01T08:24:00.000Z,23900,CA,Manual,FALSE,2007,silver
211,2009 Porsche 911 Carrera 997.2 6MT,Carrera,FALSE,San Francisco,94131,2009 Porsche 911 Carrera 997.2 6MT,Porsche,45500,911,2020-03-01T08:17:00.000Z,47500,CA,Manual,FALSE,2009,white
212,2010 911 Carrera Cabriolet,Carrera,TRUE,San Diego,92103,2010 911 Carrera Cabriolet,Porsche,82900,911,2020-03-01T00:53:00.000Z,35999,CA,Automatic,FALSE,2010,black
213,2012.5 Porsche 991.1 Carerra S,Carrera S,FALSE,Chicago,60515,2012.5 Porsche 991.1 Carerra S,Porsche,39500,911,2020-03-01T01:53:00.000Z,57500,IL,Automatic,FALSE,2012,red
214,Immaculate 2010 911 C4S! 34k miles! Manual Transmission!,Carrera 4S,FALSE,Tucson,85711,Immaculate 2010 911 C4S! 34k miles! Manual Transmission!,Porsche,34050,911,2020-02-19T06:03:00.000Z,59999,AZ,Manual,FALSE,2010,silver
215,F/S 2010 Porsche Cayman PDK (Carrara white/sea blue),Cayman,FALSE,Lighthouse Point,33064,F/S 2010 Porsche Cayman PDK (Carrara white/sea blue),Porsche,57700,Cayman,2020-02-18T21:10:00.000Z,29000,FL,Automatic,FALSE,2010,white
216,feeler: 4.0 Liter 2009 911 C4S 997.2 PDK engine by Jake Raby / Flat Six Innovations,Carrera 4S,FALSE,Lyons,60534,"feeler: 4.0 Liter 2009 911 C4S 997.2 PDK, engine by Jake Raby / Flat Six Innovations",Porsche,80600,911,2020-02-19T22:59:00.000Z,62500,IL,Automatic,FALSE,2009,gray
217,2012 Porsche 997.2 Carrera S PDK Carrera White with Sea Blue Full Leather Interior,Carrera S,FALSE,Boerne,78015,"2012 Porsche 997.2 Carrera S, PDK, Carrera White with Sea Blue Full Leather Interior",Porsche,35800,911,2020-02-18T06:29:00.000Z,56500,TX,Automatic,FALSE,2012,white
218,2007 997TT MT with PCCB,unknown,FALSE,Nashville,37027,2007 997TT MT with PCCB,Porsche,37500,911,2020-02-18T03:35:00.000Z,79000,TN,Manual,TRUE,2007,white
219,911 Turbo S - GT Silver / Cocoa Brown,Turbo S,FALSE,Los Angeles,90008,911 Turbo S - GT Silver / Cocoa Brown,Porsche,27500,911,2020-02-16T23:24:00.000Z,97500,CA,unknown,TRUE,2011,unknown
220,2010 Porsche GT3,GT3,FALSE,Twinsburg,44087,2010 Porsche GT3,Porsche,37000,911,2020-02-15T20:08:00.000Z,98500,OH,Manual,FALSE,2010,white
221,2011 Porsche Cayman S Street/Track - Manual - BBi Build,Cayman S,FALSE,Los Angeles,90036,2011 Porsche Cayman S Street/Track - Manual - BBi Build,Porsche,27000,Cayman,2020-02-15T00:59:00.000Z,55000,CA,Manual,FALSE,2011,black
222,2011 White 997.2 911 Turbo 19k miles PDK Sport Chrono,Turbo,FALSE,Pittsburgh,15211,"2011 White 997.2 911 Turbo, 19k miles, PDK, Sport Chrono",Porsche,18800,911,2020-02-14T18:11:00.000Z,86000,PA,Automatic,TRUE,2011,white
223,2005 Porsche 997.1 with modifications.  Help me fund my next toy car!,unknown,FALSE,Apple Valley,55124,2005 Porsche 997.1 with modifications.  Help me fund my next toy car!,Porsche,62550,911,2020-02-14T17:09:00.000Z,30150,MN,Manual,FALSE,2005,blue
224,Immaculate 2010 997.2 C2S 6MT (130 Images + Video. Low Mileage. OEM GT3 add-ons etc),GT3,FALSE,Sanford,27332,"Immaculate 2010 997.2 C2S 6MT (130 Images + Video. Low Mileage. OEM GT3 add-ons, etc)",Porsche,29500,911,2020-02-14T03:38:00.000Z,64000,NC,Manual,FALSE,2010,silver
225,2011 Porsche 911 GTS Cabriolet,Carrera GTS,TRUE,Diablo,94528,2011 Porsche 911 GTS Cabriolet,Porsche,14600,911,2020-02-14T01:11:00.000Z,74500,CA,Automatic,FALSE,2011,black
226,2006 997 Guards Red 911 C2S Manual Transmission Sport Exhaust (PSE),Carrera S,FALSE,Oakland Township,48363,"2006 997 Guards Red 911 C2S Manual Transmission, Sport Exhaust (PSE)",Porsche,42655,911,2020-02-13T23:15:00.000Z,44500,MI,Manual,FALSE,2006,red
227,2005 996 C4S - Cinnamon Brown Special Leather Sport Exhaust and more,Carrera 4S,FALSE,Dallas,75204,"2005 996 C4S - Cinnamon Brown Special Leather, Sport Exhaust and more",Porsche,36144,911,2020-02-12T21:37:00.000Z,44900,TX,Automatic,FALSE,2005,white
228,2007 997.1 Porsche 911 Turbo - 6MTPCCBSport ChronoGT Silver MetallicAll Records,Turbo,FALSE,Danville,94506,"2007 997.1 Porsche 911 Turbo - 6MT,PCCB,Sport Chrono,GT Silver Metallic,All Records",Porsche,45343,911,2020-02-12T03:35:00.000Z,73999,CA,Manual,TRUE,2007,silver
229,2009 997 Turbo Cream White Cabriolet with Tiptronic,Turbo,TRUE,Brookings,57006,2009 997 Turbo Cream White Cabriolet with Tiptronic,Porsche,50900,911,2020-02-11T22:39:00.000Z,62500,SD,Automatic,TRUE,2009,white
230,2012 Carrera GTS 997.2 Race Car,Carrera GTS,FALSE,Newport Beach,92625,2012 Carrera GTS 997.2 Race Car,Porsche,47395,911,2020-02-10T03:08:00.000Z,88990,CA,Automatic,FALSE,2012,white
231,2010 Porsche 911 S ( 997.2 S ) PDK with Sharkwerks exhaust and Fister mufflers,Carrera S,FALSE,Houston,77096,2010 Porsche 911 S ( 997.2 S ) PDK with Sharkwerks exhaust and Fister mufflers,Porsche,53879,911,2020-02-09T23:54:00.000Z,53125,TX,Automatic,FALSE,2010,black
232,'08 Cayman,Cayman,FALSE,Bowling Green,42123,'08 Cayman,Porsche,41300,Cayman,2020-02-08T00:36:00.000Z,22500,KY,Manual,FALSE,2008,black
233,2005 Porsche 997 Carrera Coupe,Carrera,FALSE,Las Vegas,89134,2005 Porsche 997 Carrera Coupe,Porsche,71000,911,2020-02-07T04:07:00.000Z,29900,NV,Manual,FALSE,2005,silver
234,Perfect beginning HPDE Porsche Cayman S,Cayman S,FALSE,Downingtown,USA,Perfect beginning HPDE Porsche Cayman S,Porsche,59654,Cayman,2019-05-20T19:42:00.000Z,27500,PA,Manual,FALSE,2007,gray
235,FS: 2012 997.2 GTS Touring Conversion,Carrera GTS,FALSE,San Jose,USA,FS: 2012 997.2 GTS Touring Conversion,Porsche,39000,911,2019-11-12T03:27:00.000Z,75800,CA,Automatic,FALSE,2012,silver
236,2012 911 Turbo S,Turbo S,FALSE,Dallas,United States,2012 911 Turbo S,Porsche,22300,911,11/15/19 20:17,90000,TX,Automatic,TRUE,2012,unknown
237,2007 997 Turbo Guards Red Tiptronic 22900 miles,Turbo,FALSE,Stillwater,United States,"2007 997 Turbo Guards Red Tiptronic 22,900 miles",Porsche,22909,911,11/14/19 17:40,68950,OK,Automatic,TRUE,2007,unknown
238,2006 Porsche Cayman S,Cayman S,FALSE,San Diego,USA,2006 Porsche Cayman S,Porsche,82335,Cayman,2019-11-07T08:58:00.000Z,18995,CA,Manual,FALSE,2006,silver
239,Peridot Cayman R,Cayman R,FALSE,Pound Ridge,USA,Peridot Cayman R,Porsche,53000,Cayman,2019-10-21T23:27:00.000Z,63999,NY,Manual,FALSE,2012,other
240,2005 Carrera S - 6 Speed - (997.1) 76200 Miles,Carrera S,FALSE,Glendale,USA,"2005 Carrera S - 6 Speed - (997.1) 76,200 Miles",Porsche,76000,911,2019-08-11T04:01:00.000Z,28000,CA,Manual,FALSE,2005,silver
241,"FS: 2008 porsche cayman S ""Sport"" #610/700 RS Green",Cayman S,FALSE,Dallas,USA,"FS: 2008 porsche cayman S ""Sport"", #610/700, RS Green",Porsche,99800,Cayman,2019-11-15T01:35:00.000Z,29000,TX,Manual,FALSE,2008,other
242,2012.5 991.1 Carrera S in Agate with full natural red leather,Carrera S,FALSE,Oakland,United States,2012.5 991.1 Carrera S in Agate with full natural red leather,Porsche,55000,911,11/10/19 13:11,57000,CA,Automatic,FALSE,2012,unknown
243,2006 Carrera 4S Cabriolet Manual 4.0,Carrera 4S,TRUE,Asheville,USA,2006 Carrera 4S Cabriolet Manual 4.0,Porsche,52500,911,2019-11-04T18:46:00.000Z,29900,NC,Manual,FALSE,2006,black
244,2007 997.1 911 Turbo COUPE / MANUAL,Turbo,FALSE,Dc,USA,2007 997.1 911 Turbo COUPE / MANUAL,Porsche,57601,911,2019-10-23T15:57:00.000Z,68000,DC,Manual,TRUE,2007,black
245,FS: 2012.2 7-Speed Porsche 991.1 Carrera S with only 3K miles!,Carrera S,FALSE,San Jose,USA,FS: 2012.2 7-Speed Porsche 991.1 Carrera S with only 3K miles!,Porsche,3100,911,2019-11-14T02:31:00.000Z,76800,CA,Manual,FALSE,2012,black
246,2007 C4S with lots of mods,Carrera 4S,FALSE,Houston,USA,2007 C4S with lots of mods,Porsche,45500,911,2019-06-04T17:42:00.000Z,42000,TX,Automatic,FALSE,2007,black
247,2011 911 C4S Manual Transmission - funnest car ever made,Carrera 4S,FALSE,Austin,United States,2011 911 C4S Manual Transmission - funnest car ever made,Porsche,61000,911,11/9/19 18:34,55000,TX,Manual,FALSE,2011,unknown
248,2008 Porsche 911 Targa 4S - Manual Transmission,Targa 4S,FALSE,Minneapolis,USA,2008 Porsche 911 Targa 4S - Manual Transmission,Porsche,16930,911,2019-11-07T22:49:00.000Z,60000,MN,Manual,FALSE,2008,black
249,FS: 2005 997.1 911 S track/street car new transmission many great parts proven,Carrera S,FALSE,Saint Joseph,USA,"FS: 2005 997.1 911 S track/street car, new transmission, many great parts, proven",Porsche,32856,911,2019-11-06T00:40:00.000Z,40000,MO,Manual,FALSE,2005,silver
250,2009 Cayman S (PDK),Cayman S,FALSE,Willow Grove,United States,2009 Cayman S (PDK),Porsche,104800,Cayman,10/28/19 16:48,25000,PA,Automatic,FALSE,2009,unknown
251,2011 Porsche 997.2 GTS (Ultra rare build. Full Aero Carbon Buckets Low Milage),Carrera GTS,FALSE,Vancouver Canada,Canada,"2011 Porsche 997.2 GTS (Ultra rare build. Full Aero, Carbon Buckets, Low Milage)",Porsche,22000,911,2019-06-13T06:02:00.000Z,79500,BC,Automatic,FALSE,2011,white
252,2012.5 Porsche 911 Carrera S coupe (991),Carrera S,FALSE,Oviedo,USA,2012.5 Porsche 911 Carrera S coupe (991),Porsche,24000,911,2019-10-17T21:17:00.000Z,64900,FL,Automatic,FALSE,2012,black
253,Speed Yellow 997 Turbo 6 speed,Turbo,FALSE,Manalapan,USA,Speed Yellow 997 Turbo 6 speed,Porsche,49500,911,2019-08-07T04:17:00.000Z,69900,NJ,Manual,TRUE,2007,yellow
254,2006 Cayman S w/ tasteful upgrades & new paint,Cayman S,FALSE,Reno,USA,2006 Cayman S w/ tasteful upgrades & new paint,Porsche,61715,Cayman,2019-11-01T06:19:00.000Z,27000,NV,Manual,FALSE,2006,black
255,Dealer Inventory CNC Motors: 2011 GT3 RS In Carrera White w/ White Gold Contrast!,GT3 RS,FALSE,Upland,USA,Dealer Inventory CNC Motors: 2011 GT3 RS In Carrera White w/ White Gold Contrast!,Porsche,11558,911,2019-07-14T02:10:00.000Z,169997,CA,Manual,FALSE,2011,white
256,FS: 2006 Cayman S DE/Racecar - Currently an SPC spec PCA Club Racer,Cayman S,FALSE,Randolph,USA,FS: 2006 Cayman S DE/Racecar - Currently an SPC spec PCA Club Racer,Porsche,25000,Cayman,2019-02-05T06:56:00.000Z,48000,NJ,Manual,FALSE,2006,black
257,2006 Porsche 911 Carrera S 3.8l Track Car GT3 Crayon Clone,GT3,FALSE,Houston,USA,2006 Porsche 911 Carrera S 3.8l Track Car GT3 Crayon Clone,Porsche,42000,911,2019-10-06T20:58:00.000Z,50000,TX,Manual,FALSE,2006,gray
258, 2006 Cayman S for sale very good condition but does not run,Cayman S,FALSE,Kansas City,USA, 2006 Cayman S for sale very good condition but does not run,Porsche,54000,Cayman,2019-11-11T23:28:00.000Z,9000,MO,Manual,FALSE,2006,silver
259,The Ultimate Cayman R Track Car,Cayman R,FALSE,West Palm Beach,USA,The Ultimate Cayman R Track Car,Porsche,19600,Cayman,2019-07-29T02:50:00.000Z,71900,FL,Automatic,FALSE,2012,blue
260,2005 Porsche Carrera S,Carrera S,FALSE,Cumming,USA,2005 Porsche Carrera S,Porsche,52500,911,2019-10-23T02:23:00.000Z,44999,GA,Manual,FALSE,2005,gray
261,2009 Porsche Cayman PDK - street/track,Cayman,FALSE,Lawrenceburg,USA,2009 Porsche Cayman PDK - street/track,Porsche,85000,Cayman,2019-06-07T01:39:00.000Z,27500,TN,Automatic,FALSE,2009,black
262,06 Cayman 987.1 Track Car with 3.6L X51,Cayman,FALSE,St Pete Clearwater Area,USA,06 Cayman 987.1 Track Car with 3.6L X51,Porsche,40000,Cayman,2019-06-03T21:10:00.000Z,55000,FL,Manual,FALSE,2006,silver
263, 2007 Cayman S Manual in Cobalt Blue,Cayman S,FALSE,Parker,USA, 2007 Cayman S Manual in Cobalt Blue,Porsche,30600,Cayman,2019-10-30T04:45:00.000Z,26000,TX,Manual,FALSE,2007,blue
264,Perfect Beginning HPDE Cayman S,Cayman S,FALSE,Downingtown,USA,Perfect Beginning HPDE Cayman S,Porsche,59000,Cayman,2019-05-28T19:22:00.000Z,27500,PA,Manual,FALSE,2007,gray
265,2007 Porsche 911 Turbo - 39k miles - Loaded,Turbo,FALSE,Boca Raton,USA,2007 Porsche 911 Turbo - 39k miles - Loaded,Porsche,39200,911,2019-11-06T00:58:00.000Z,79900,FL,Manual,TRUE,2007,blue
266,2006 Porsche 911 Carrera 6spd Sunroof Aero Kit Sport Chrono Custom Paint Extras,Carrera,FALSE,Chesterfield,USA,"2006 Porsche 911 Carrera, 6spd, Sunroof, Aero Kit, Sport Chrono, Custom Paint, Extras",Porsche,66013,911,2019-10-31T03:11:00.000Z,36000,MI,Manual,FALSE,2006,blue
267,2007 Porsche 911 Turbo (997) Coupe,Turbo,FALSE,Ann Arbor,USA,2007 Porsche 911 Turbo (997) Coupe,Porsche,23789,911,2019-10-10T00:24:00.000Z,72500,MI,Automatic,TRUE,2007,gray
268,xlnt 997.2 C4S,Carrera 4S,FALSE,Santa Monica,USA,xlnt 997.2 C4S,Porsche,62000,911,2019-11-04T07:48:00.000Z,54000,CA,Automatic,FALSE,2009,gray
269,2009 911 C4S Cabriolet PDK/ 997.2,Carrera 4S,TRUE,Cypress,United States,2009 911 C4S Cabriolet PDK/ 997.2,Porsche,58000,911,8/21/19 0:53,45000,CA,Automatic,FALSE,2009,unknown
270,2006 Porsche 911 Carrera S 6spd,Carrera S,FALSE,San Diego,USA,2006 Porsche 911 Carrera S 6spd,Porsche,85000,911,2019-09-13T04:08:00.000Z,37500,CA,Manual,FALSE,2006,blue
271,2012 Porsche 911 Turbo S - Carrara White on Black(w/ deviated stitch) -- STOCK,Turbo S,FALSE,Chicago,USA,2012 Porsche 911 Turbo S - Carrara White on Black(w/ deviated stitch) -- STOCK,Porsche,19500,911,2018-12-17T23:05:00.000Z,101000,IL,Automatic,TRUE,2012,white
272,2011 Porsche 911 GT2 RS - #389 of 500,GT2 RS,FALSE,Addison,USA,2011 Porsche 911 GT2 RS - #389 of 500,Porsche,1075,911,2019-11-03T03:05:00.000Z,415900,TX,Manual,FALSE,2011,black
273,Porsche 911 Carrera S RARE Centro,Carrera S,FALSE,Houston,USA,Porsche 911 Carrera S RARE Centro,Porsche,30954,911,2019-09-21T07:59:00.000Z,70000,TX,Manual,FALSE,2008,white
274,2007 Cayman S for sale,Cayman S,FALSE,West Orange,USA,2007 Cayman S for sale,Porsche,91450,Cayman,2019-09-01T01:27:00.000Z,22000,NJ,Manual,FALSE,2007,white
275,2007 Porsche 911 Carrera - Cobalt Blue - 81k miles,Carrera,FALSE,Kennett Square,USA,2007 Porsche 911 Carrera - Cobalt Blue - 81k miles,Porsche,82000,911,2019-08-28T06:39:00.000Z,30900,PA,Manual,FALSE,2007,blue
276,2007 Gemballa Tech Art 911 Turbo  stunning 16900 miles,Turbo,FALSE,Norman,USA,"2007 Gemballa Tech Art 911 Turbo,  stunning, 16,900 miles",Porsche,16900,911,2019-07-19T22:43:00.000Z,99999,OK,Manual,TRUE,2007,red
277,CPO 2012 Porsche 911 GTS Cab PDK,Carrera GTS,TRUE,College Station,USA,CPO 2012 Porsche 911 GTS Cab PDK,Porsche,40279,911,2019-10-09T09:12:00.000Z,64500,TX,Automatic,FALSE,2012,black
278,For Sale 2007 Porsche Turbo 997.1 (Meteor Grey),Turbo,FALSE,Los Angeles,USA,For Sale 2007 Porsche Turbo 997.1 (Meteor Grey),Porsche,40500,911,2019-05-10T11:06:00.000Z,69500,CA,Manual,TRUE,2007,gray
279,2010 C2S Cabriolet 6 Speed Manual Triple Black,Carrera S,TRUE,Darien,USA,2010 C2S Cabriolet 6 Speed Manual Triple Black,Porsche,30800,911,2019-08-25T03:23:00.000Z,52900,CT,Manual,FALSE,2010,black
280,2009 Porsche 911 Turbo Cab (997.1 - tweener) -- 40k mi/6-speed,Turbo,TRUE,Park City,USA,2009 Porsche 911 Turbo Cab (997.1 - tweener) -- 40k mi/6-speed,Porsche,40000,911,2019-05-14T22:13:00.000Z,74999,UT,Manual,TRUE,2009,silver
281,997.2 C2S PDK Sport/+ For Sale,Carrera S,FALSE,Potomac,USA,997.2 C2S PDK Sport/+ For Sale,Porsche,66000,911,2019-08-21T05:12:00.000Z,48000,MD,Automatic,FALSE,2009,other
282,2012 Porsche 911 997.2 GTS | CPO,Carrera GTS,FALSE,San Francisco,USA,2012 Porsche 911 997.2 GTS | CPO,Porsche,54800,911,2019-10-30T06:42:00.000Z,69150,CA,Automatic,FALSE,2012,gray
283,2007 Porsche 911 Turbo Manual (997.1TT) - Columbus GA,Turbo,FALSE,Columbus,USA,"2007 Porsche 911 Turbo Manual (997.1TT) - Columbus, GA",Porsche,71000,911,2019-10-22T07:36:00.000Z,59500,GA,Manual,TRUE,2007,black
284,2012 Cayman R Track Prep GTB-1 Race Car,Cayman R,FALSE,Rochester,USA,2012 Cayman R Track Prep GTB-1 Race Car,Porsche,13000,Cayman,2019-06-27T23:26:00.000Z,85000,NY,Manual,FALSE,2012,black
285,2007 Cayman 31k miles tiptronic major maintenance done,Cayman,FALSE,Chiacago,USA,"2007 Cayman 31k miles, tiptronic, major maintenance done",Porsche,31000,Cayman,2019-10-27T03:26:00.000Z,23000,IL,Automatic,FALSE,2007,black
286,2012 Porsche Cayman R,Cayman R,FALSE,Atlanta,USA,2012 Porsche Cayman R,Porsche,14329,Cayman,2019-10-25T03:50:00.000Z,68500,GA,Automatic,FALSE,2012,white
287,2010 Cayman S: Perfect HPDE Car,Cayman S,FALSE,Baltimore,USA,2010 Cayman S: Perfect HPDE Car,Porsche,26267,Cayman,2019-10-25T21:09:00.000Z,45000,MD,Manual,FALSE,2010,black
288,2008 Porsche 911 Turbo w/ Manual Transmission!,Turbo,FALSE,Murrieta,USA,2008 Porsche 911 Turbo w/ Manual Transmission!,Porsche,51100,911,2019-07-28T04:01:00.000Z,74990,CA,Manual,TRUE,2008,gray
289,2007 Porsche 911 c2 with Ohlins and e88's,Carrera,FALSE,Webster,USA,2007 Porsche 911 c2 with Ohlins and e88's,Porsche,85000,911,2019-09-12T11:57:00.000Z,27000,NY,Manual,FALSE,2007,black
290,2010 Porsche 911 Turbo / 997.2 / GT2 RS Look / AWE 750 HP,Turbo,FALSE,Pittsburgh,USA,2010 Porsche 911 Turbo / 997.2 / GT2 RS Look / AWE 750 HP,Porsche,15500,911,2019-08-22T18:21:00.000Z,105000,PA,Manual,TRUE,2010,white
291,2006 997 C2S Carrera S - 33500 miles - 6MT Manual,Carrera S,FALSE,Brooklyn Or Manhattan,USA,"2006 997 C2S Carrera S - 33,500 miles - 6MT Manual",Porsche,33500,911,2019-04-22T21:53:00.000Z,44100,NY,Manual,FALSE,2006,silver
292,2006 911 C2S 6spd,Carrera S,FALSE,Parker,USA,2006 911 C2S 6spd,Porsche,43800,911,2019-08-07T23:28:00.000Z,42000,CO,Manual,FALSE,2006,black
293,Beautiful Unique Carbon Interior Finish 2008 Porsche 911 Turbo Coupe Manual,Turbo,FALSE,Denver,USA,"Beautiful, Unique, Carbon Interior Finish, 2008 Porsche 911 Turbo, Coupe, Manual",Porsche,49500,911,2019-08-15T23:04:00.000Z,65500,CO,Manual,TRUE,2008,silver
294,2005 997 Carrera 6 Speed,Carrera,FALSE,Naples,USA,2005 997 Carrera 6 Speed,Porsche,89700,911,2019-06-10T21:50:00.000Z,29000,FL,Manual,FALSE,2005,silver
295,2005 Porsche 911 Carrera,Carrera,FALSE,Madison,USA,2005 Porsche 911 Carrera,Porsche,65000,911,2018-11-11T21:06:00.000Z,29995,NJ,Automatic,FALSE,2005,other
296,Top Dog - Turbo Cabriolet with all the options,Turbo,TRUE,Wheaton,USA,Top Dog - Turbo Cabriolet with all the options,Porsche,21000,911,2019-10-23T05:42:00.000Z,79900,IL,Manual,TRUE,2008,black
297,2007 911 Turbo Vorsteiner VRT,Turbo,FALSE,Jacksonville,USA,2007 911 Turbo Vorsteiner VRT,Porsche,41000,911,2019-09-25T07:13:00.000Z,85000,FL,Manual,TRUE,2007,white
298,2012 Porsche Cayman for sale,Cayman,FALSE,Plano,USA,2012 Porsche Cayman for sale,Porsche,49900,Cayman,2019-01-16T07:14:00.000Z,31000,TX,Automatic,FALSE,2012,white
299,2011 Porsche 911 C2 997.2 6 Speed Manual,Carrera,FALSE,Agoura Hills,USA,2011 Porsche 911 C2 997.2 6 Speed Manual,Porsche,88400,911,2019-07-16T13:02:00.000Z,38500,CA,Manual,FALSE,2011,black
300,2009 Carrera 4S PDK 23k Miles!!! 1 Owner!!! Very Clean!!!,Carrera 4S,FALSE,Tucson,USA,"2009 Carrera 4S, PDK, 23k Miles!!! 1 Owner!!! Very Clean!!!",Porsche,23321,911,2019-10-12T02:24:00.000Z,64000,AZ,Automatic,FALSE,2009,gray
301,2009 911 Carrera cabriolet 997.2 PDK,Carrera,TRUE,Chambersburg,USA,2009 911 Carrera cabriolet 997.2 PDK,Porsche,64900,911,2019-09-15T07:12:00.000Z,40500,PA,Automatic,FALSE,2009,silver
302,DELETE - Double post,Cayman,FALSE,Des Moines,USA,DELETE - Double post,Porsche,91000,Cayman,2019-10-10T19:45:00.000Z,22000,IA,Manual,FALSE,2007,blue
303,2012.5 Porsche 911 Carrera S Coupe (991),Carrera S,FALSE,Downers Grove,USA,2012.5 Porsche 911 Carrera S Coupe (991),Porsche,39800,911,2019-09-27T19:39:00.000Z,65000,IL,Automatic,FALSE,2012,red
304,2006 997S 6-speed $42k Black on Gray,Carrera S,FALSE,Tampa,USA,"2006 997S, 6-speed, $42k, Black on Gray",Porsche,38300,911,2019-09-18T02:26:00.000Z,42000,FL,Manual,FALSE,2006,black
305,2005 Porsche Carrera  Manual Transmission,Carrera,FALSE,Jamestown,USA,"2005 Porsche Carrera , Manual Transmission",Porsche,49100,911,2018-11-03T18:38:00.000Z,32000,IN,Manual,FALSE,2005,silver
306,2011 987.2 Cayman 6MT 54050 miles bumper-to-bumper warranty,Cayman,FALSE,Parlin,USA,"2011 987.2 Cayman 6MT 54,050 miles, bumper-to-bumper warranty",Porsche,54050,Cayman,2019-06-03T05:51:00.000Z,28900,NJ,Manual,FALSE,2011,white
307,The Ultimate Track-Oriented Cayman R,Cayman R,FALSE,West Palm Beach,USA,The Ultimate Track-Oriented Cayman R,Porsche,19350,Cayman,2019-09-19T18:18:00.000Z,74900,FL,Automatic,FALSE,2012,blue
308,2007 997.1 911 Turbo MT Black Coupe Low Miles 11k Classic & Pristine,Turbo,FALSE,Jackson,USA,2007 997.1 911 Turbo MT Black Coupe Low Miles 11k Classic & Pristine,Porsche,11256,911,2019-09-17T12:43:00.000Z,94500,WY,Manual,TRUE,2007,black
309,2006 Porsche Cayman S-Sport Adaptive Seats+ GMG maintained,Cayman S,FALSE,Culver City,USA,2006 Porsche Cayman S-Sport Adaptive Seats+ GMG maintained,Porsche,79000,Cayman,2019-01-04T03:55:00.000Z,24000,CA,Manual,FALSE,2006,black
310,2006 Porsche 911 Carrera 4 Cabriolet with warranty!,Carrera 4,TRUE,Houston,USA,2006 Porsche 911 Carrera 4 Cabriolet with warranty!,Porsche,49700,911,2019-09-06T10:02:00.000Z,34400,TX,Manual,FALSE,2006,gray
311,2012 911 C4GTS,Carrera GTS,FALSE,Trabuco Canyon,USA,2012 911 C4GTS,Porsche,6820,911,2019-09-10T04:07:00.000Z,83500,CA,Automatic,FALSE,2012,black
312,2005 Porsche 911 Carrera Cabriolet,Carrera,TRUE,Seattle,USA,2005 Porsche 911 Carrera Cabriolet,Porsche,45590,911,2019-07-23T03:48:00.000Z,26500,WA,Automatic,FALSE,2005,black
313,2006 Porsche 911 Carrera Cab 6spd Manual,Carrera,TRUE,Glendale,USA,2006 Porsche 911 Carrera Cab 6spd Manual,Porsche,46000,911,2019-09-24T08:31:00.000Z,37000,CA,Manual,FALSE,2006,blue
314,2009 Porsche 911 4S - Heavily Optioned - $126k MSRP,Carrera 4S,FALSE,Lapeer,USA,2009 Porsche 911 4S - Heavily Optioned - $126k MSRP,Porsche,92000,911,2018-10-28T06:28:00.000Z,46000,MI,Automatic,FALSE,2009,gray
315,2007 Porsche Cayman S,Cayman S,FALSE,Calgary,Canada,2007 Porsche Cayman S,Porsche,64250,Cayman,2019-07-06T02:33:00.000Z,30000,AB,Manual,FALSE,2007,gray
316,2009 Porsche 911 997.2,unknown,FALSE,Toronto,Canada,2009 Porsche 911 997.2,Porsche,60500,911,2019-07-08T19:00:00.000Z,37000,ON,Automatic,FALSE,2009,white
317,2012 Porsche 911 Turbo S - Carrara White on Black(w/ deviated stitch) -- STOCK,Turbo S,FALSE,Chicago,USA,2012 Porsche 911 Turbo S - Carrara White on Black(w/ deviated stitch) -- STOCK,Porsche,19900,911,2019-09-17T21:07:00.000Z,106000,IL,Automatic,TRUE,2012,white
318,Rare find! Porsche 911 Turbo S - 3900 miles & perfect condition,Turbo S,FALSE,Reno,USA,Rare find! Porsche 911 Turbo S - 3900 miles & perfect condition,Porsche,3900,911,2019-08-27T01:57:00.000Z,125000,NV,Automatic,TRUE,2011,silver
319, FS: 2010 Porsche Carrera C2 6MT,Carrera S,FALSE,Boston,USA, FS: 2010 Porsche Carrera C2 6MT,Porsche,47200,911,2019-06-21T07:02:00.000Z,48000,MA,Manual,FALSE,2010,black
320,2005 911 Turbo S immaculate in Guards Red,Turbo S,FALSE,Cupertino,USA,"2005 911 Turbo S, immaculate in Guards Red",Porsche,54900,911,2019-09-09T08:24:00.000Z,55000,CA,Manual,TRUE,2005,red
321,2007 Porsche 911 C4S low miles - 26200,Carrera 4S,FALSE,Sisters,USA,"2007 Porsche 911 C4S low miles - 26,200",Porsche,26300,911,2019-08-31T05:45:00.000Z,49750,OR,Automatic,FALSE,2007,silver
322,2012 Porsche 911 S! 31500 Miles. Extremely Clean!,Carrera S,FALSE,Tucson,USA,"2012 Porsche 911 S! 31,500 Miles. Extremely Clean!",Porsche,31500,911,2019-09-05T23:59:00.000Z,68900,AZ,Automatic,FALSE,2012,brown
323,2006 Porsche C4S,Carrera 4S,FALSE,Austin,USA,2006 Porsche C4S,Porsche,62000,911,2019-04-29T19:06:00.000Z,44000,TX,Manual,FALSE,2006,black
324,2010 PORSCHE 911 GT3RS 3.8L/H6 manual,GT3 RS,FALSE,Quincy,USA,"2010 PORSCHE 911 GT3RS, 3.8L/H6, manual",Porsche,25218,911,2019-08-20T20:42:00.000Z,159990,MA,Manual,FALSE,2010,gray
325,Beautiful Porsche Cabriolet S,Carrera S,TRUE,San Diego,USA,Beautiful Porsche Cabriolet S,Porsche,59000,911,2019-08-02T22:31:00.000Z,57000,CA,Automatic,FALSE,2012,white
326, 2007 Cayman S *6MT 39K Miles*,Cayman S,FALSE,Lincoln,USA, 2007 Cayman S *6MT 39K Miles*,Porsche,39750,Cayman,2019-07-31T06:42:00.000Z,31900,NE,Manual,FALSE,2007,red
327,2011 Porsche 911 Turbo S!,Turbo S,FALSE,Davie,USA,2011 Porsche 911 Turbo S!,Porsche,30181,911,2019-08-21T03:04:00.000Z,98995,FL,Automatic,TRUE,2011,blue
328,2011 Porsche 911 Carrera 997.2 PDK | Sport Seats | Clear Bra | Ceramic Coat,Carrera,FALSE,Norco,USA,2011 Porsche 911 Carrera 997.2 PDK | Sport Seats | Clear Bra | Ceramic Coat,Porsche,64000,911,2019-08-02T20:11:00.000Z,47490,CA,Automatic,FALSE,2011,white
329,06 cobolt blue c2s  with powerkit/street hpde car    factory installed x51 kit,Carrera,FALSE,Augusta,USA,06 cobolt blue c2s  with powerkit/street hpde car    factory installed x51 kit,Porsche,37000,911,2019-07-27T15:17:00.000Z,45000,GA,Manual,FALSE,2006,blue
330,2009 Carrera 4 997.2 MT Black on Black,Carrera 4,FALSE,Reno,USA,2009 Carrera 4 997.2 MT Black on Black,Porsche,61000,911,2018-11-30T05:04:00.000Z,42900,NV,Manual,FALSE,2009,black
331,Great Cayman S track car,Cayman S,FALSE,Clermont,USA,Great Cayman S track car,Porsche,48155,Cayman,2018-11-27T06:47:00.000Z,41000,FL,Manual,FALSE,2009,blue
332,2012 911 S Agate Gray,Carrera S,FALSE,Mesa,USA,2012 911 S Agate Gray,Porsche,52000,911,2019-07-22T03:08:00.000Z,69000,AZ,Automatic,FALSE,2012,gray
333,Excellent condition Cayman S looking for a good home.,Cayman S,FALSE,Burlington,Canada,Excellent condition Cayman S looking for a good home.,Porsche,45000,Cayman,2019-04-25T22:56:00.000Z,44900,ON,Manual,FALSE,2012,white
334,2012 Basalt Black Metallic 997.2 GTS - CPO,Carrera GTS,FALSE,Seattle,USA,2012 Basalt Black Metallic 997.2 GTS - CPO,Porsche,60000,911,2019-03-21T22:00:00.000Z,65000,WA,Automatic,FALSE,2012,black
335,06 cobolt blue c2s  with powerkit/street hpde car,Carrera,FALSE,Augusta,USA,06 cobolt blue c2s  with powerkit/street hpde car,Porsche,37000,911,2019-07-27T15:16:00.000Z,45000,GA,Manual,FALSE,2006,blue
336,997.1 C4S 6 speed manual,Carrera 4S,FALSE,Boston,USA,997.1 C4S 6 speed manual,Porsche,69485,911,2019-01-03T02:24:00.000Z,42500,MA,Manual,FALSE,2008,blue
337,Gorgeous 2008 911 Targa 4s,Targa 4S,FALSE,Woodinville,USA,Gorgeous 2008 911 Targa 4s,Porsche,23867,911,2018-09-28T02:26:00.000Z,52500,WA,Automatic,FALSE,2008,gray
338,2008 Porsche 911 Turbo Cab in One-of-One Paint-To-Sample Metallic Green Convertible,Turbo,TRUE,Upland,USA,2008 Porsche 911 Turbo Cab in One-of-One Paint-To-Sample Metallic Green Convertible,Porsche,72601,911,2019-05-14T07:57:00.000Z,69997,CA,Manual,TRUE,2008,other
339,Original Owner 991 Base Cab with a 7 Speed Manual Trans absolutely like new,Carrera,TRUE,Cary,USA,Original Owner 991 Base Cab with a 7 Speed Manual Trans absolutely like new,Porsche,38900,911,2019-06-29T16:32:00.000Z,62500,NC,Manual,FALSE,2012,silver
340,2008 Porsche 911 Carerra C4S Cabriolet Manual Transmission,Carrera 4S,TRUE,Palisades,USA,"2008 Porsche 911 Carerra C4S Cabriolet, Manual Transmission",Porsche,60100,911,2019-04-22T17:56:00.000Z,42000,NY,Manual,FALSE,2008,silver
341,2005 Turbo S Cab Tiptronic,Turbo S,TRUE,Albany,USA,2005 Turbo S Cab Tiptronic,Porsche,75000,911,2019-06-26T16:49:00.000Z,47000,NY,Automatic,TRUE,2005,silver
342,Mint 2009 911 Carrer 4 Cabriolet - Very Low Miles ( 17K ),Carrera 4,TRUE,Easton,USA,Mint 2009 911 Carrer 4 Cabriolet - Very Low Miles ( 17K ),Porsche,17000,911,2019-09-05T19:33:00.000Z,55000,CT,Manual,FALSE,2009,black
343,WTS: 2007 Porsche Cayman 2.7L 5spd Turn Key,Cayman,FALSE,Canton,USA,WTS: 2007 Porsche Cayman 2.7L 5spd Turn Key,Porsche,144999,Cayman,2019-05-26T01:42:00.000Z,12000,CT,Manual,FALSE,2007,silver
344, 2009 2nd Generation Porsche CAYMAN S GTB1 Race Car,Cayman S,FALSE,Albany,USA, 2009 2nd Generation Porsche CAYMAN S GTB1 Race Car,Porsche,22226,Cayman,2019-02-24T00:56:00.000Z,59900,NY,Manual,FALSE,2009,other
345,2009 Porsche 911 Carrera 4 - Meteor Grey on Black PDK Extremely well maintained,Carrera 4,FALSE,Toronto,Canada,"2009 Porsche 911 Carrera 4 - Meteor Grey on Black, PDK, Extremely well maintained",Porsche,67108,911,2019-05-28T19:41:00.000Z,56000,ON,Automatic,FALSE,2009,gray
346,09 Cayman Racecar,Cayman R,FALSE,Summit Point,USA,09 Cayman Racecar,Porsche,39500,Cayman,2019-03-24T20:46:00.000Z,60000,WV,Manual,FALSE,2009,white
347, 2006 997.1 S Cabriolet  Manual transmission,Carrera S,TRUE,Hinsdale,USA, 2006 997.1 S Cabriolet  Manual transmission,Porsche,92500,911,2019-03-20T22:06:00.000Z,32500,IL,Manual,FALSE,2006,black
348,2007 Cayman Base,Cayman,FALSE,Hot Springs Village,USA,2007 Cayman Base,Porsche,63000,Cayman,2019-04-07T21:33:00.000Z,19500,AR,Manual,FALSE,2007,gray
349, 2010 Porsche 911 S - Meteor Grey - Certified Pre-Owned,Carrera S,FALSE,Scarsdale,USA, 2010 Porsche 911 S - Meteor Grey - Certified Pre-Owned,Porsche,67500,911,2019-06-11T02:33:00.000Z,51000,NY,Automatic,FALSE,2010,gray
350,2009 911 Carrera S Cabriolet For Sale,Carrera S,TRUE,Leawood,USA,2009 911 Carrera S Cabriolet For Sale,Porsche,26151,911,2019-08-31T02:03:00.000Z,63000,KS,Automatic,FALSE,2009,other
351,rare 2012 997.2 6MT C2S in platinum silver in excellent mechanical condition,Carrera S,FALSE,Campbell,USA,rare 2012 997.2 6MT C2S in platinum silver in excellent mechanical condition,Porsche,56000,911,2019-06-24T06:36:00.000Z,61997,CA,Manual,FALSE,2012,silver
352, Porsche 2006 Cabriolet C4,Carrera 4,TRUE,Ocean,USA, Porsche 2006 Cabriolet C4,Porsche,47600,911,2019-06-14T17:41:00.000Z,31500,NJ,Manual,FALSE,2006,black
353, 2007 Porsche Cayman Race Car,Cayman R,FALSE,Blauvelt,USA, 2007 Porsche Cayman Race Car,Porsche,53643,Cayman,2019-06-27T23:16:00.000Z,45000,NY,Manual,FALSE,2007,red
354,cobolt blue C2s 997.1 2006   lots of goodies street or track,Carrera,FALSE,Augusta,USA,cobolt blue C2s 997.1 2006   lots of goodies street or track,Porsche,37000,911,2019-05-26T16:39:00.000Z,45000,GA,Manual,FALSE,2006,blue
355,2006 Porsche 911 Cabriolet,unknown,TRUE,Miami,USA,2006 Porsche 911 Cabriolet,Porsche,37500,911,2019-08-10T21:06:00.000Z,38000,FL,Automatic,FALSE,2006,yellow
356,2011 Porsche 911 Turbo S AWD Dark Metallic Blue All Leather,Turbo S,FALSE,Pittsburgh,USA,"2011 Porsche 911 Turbo S AWD, Dark Metallic Blue, All Leather",Porsche,46118,911,2019-06-24T02:19:00.000Z,90959,PA,Automatic,TRUE,2011,blue
357,Guards Red 997,unknown,FALSE,Burbank,United States,Guards Red 997,Porsche,74000,911,1/25/19 11:42,29900,CA,Manual,FALSE,2007,unknown
358, 2006 Porsche Cayman S - 32k miles.  $25250 sale pending (first $26k takes it),Cayman S,FALSE,Dallas,USA," 2006 Porsche Cayman S - 32k miles.  $25,250 sale pending (first $26k takes it)",Porsche,32500,Cayman,2019-05-25T17:59:00.000Z,26000,TX,Manual,FALSE,2006,silver
359,2009 Cayman S PDK with Sport Chrono and Track Focused Upgrades,Cayman S,FALSE,Winnetka,USA,2009 Cayman S PDK with Sport Chrono and Track Focused Upgrades,Porsche,39800,Cayman,2019-07-24T07:23:00.000Z,52000,IL,Automatic,FALSE,2009,black
360,Original Owner 991 Base Cab with a 7 Speed Manual Trans absolutely like new,Carrera,TRUE,Cary,USA,Original Owner 991 Base Cab with a 7 Speed Manual Trans absolutely like new,Porsche,38900,911,2019-06-17T00:56:00.000Z,62500,NC,Manual,FALSE,2012,silver
361,2009 Targa 4,Targa 4,FALSE,Senoia,USA,2009 Targa 4,Porsche,30500,911,2019-03-02T23:22:00.000Z,49000,GA,Manual,FALSE,2009,white
362,Stunning Satin Red with Two Tone Silver 2005 Porsche 997,unknown,FALSE,Madison,USA,Stunning Satin Red with Two Tone Silver 2005 Porsche 997,Porsche,64965,911,2019-07-19T00:40:00.000Z,43000,WI,Automatic,FALSE,2005,red
363,2005 Porsche 911 Carrera S,Carrera S,FALSE,Rockledge,USA,2005 Porsche 911 Carrera S,Porsche,52400,911,2019-05-27T20:06:00.000Z,39900,FL,Automatic,FALSE,2005,silver
364,2011 Porsche 911 GTS Cabriolet,Carrera GTS,TRUE,Diablo,USA,2011 Porsche 911 GTS Cabriolet,Porsche,14400,911,2018-10-27T02:11:00.000Z,74500,CA,Automatic,FALSE,2011,black
365,2012 CAYMAN R,Cayman R,FALSE,Louisville,USA,2012 CAYMAN R,Porsche,35000,Cayman,2018-12-14T20:13:00.000Z,52500,KY,Automatic,FALSE,2012,red
366, 2012 Porsche 991/911 Carrera S Guards Red - Soul Performance Exhaust,Carrera S,FALSE,Knoxville,USA, 2012 Porsche 991/911 Carrera S Guards Red - Soul Performance Exhaust,Porsche,30500,911,2019-01-14T23:58:00.000Z,65000,TN,Automatic,FALSE,2012,red
367, 2010 Porsche 911 Carerra 4S (997.2),Carrera 4S,FALSE,Pelham Manor,USA, 2010 Porsche 911 Carerra 4S (997.2),Porsche,73000,911,2019-06-02T19:27:00.000Z,46500,NY,Automatic,FALSE,2010,black
368,2006 Cayman S - 4.2L Street / Track Car,Cayman S,FALSE,Memphis,USA,2006 Cayman S - 4.2L Street / Track Car,Porsche,95000,Cayman,2019-05-30T02:17:00.000Z,65000,TN,Manual,FALSE,2006,blue
369,2010 Carrera 4S 6 speed Coupe.  47K miles Meteor Grey Metallic/Black leather.,Carrera 4S,FALSE,Danville,United States,"2010 Carrera 4S 6 speed Coupe.  47K miles, Meteor Grey Metallic/Black leather.",Porsche,47000,911,5/11/19 19:27,0,CA,Manual,FALSE,2010,unknown
370,Rare cobalt blue 06 C2s w factory X51 kit  price drop 45K,Carrera,FALSE,Augusta,USA,Rare cobalt blue 06 C2s w factory X51 kit  price drop 45K,Porsche,37000,911,2019-07-01T16:09:00.000Z,45000,GA,Manual,FALSE,2006,blue
371, 2009 911 Turbo Cab manual very high spec last of the Metzger,Turbo,TRUE,Oshkosh,USA," 2009 911 Turbo Cab, manual, very high spec, last of the Metzger",Porsche,24600,911,2019-01-20T00:51:00.000Z,89900,WI,Manual,TRUE,2009,white
372,2009 PORSCHE 911 TURBO AWD,Turbo,FALSE,Port St Lucie,USA,2009 PORSCHE 911 TURBO AWD,Porsche,32000,911,2019-05-20T21:16:00.000Z,78000,FL,Automatic,TRUE,2009,blue
373, FS: 2011 997.2 Manual Coupe,Carrera S,FALSE,Albuquerque,USA, FS: 2011 997.2 Manual Coupe,Porsche,54000,911,2019-04-25T09:58:00.000Z,47800,NM,Manual,FALSE,2011,blue
374,2006 Porsche Cayman S Track Car - Fully Built,Cayman S,FALSE,Warren,United States,2006 Porsche Cayman S Track Car - Fully Built,Porsche,25000,Cayman,3/11/19 19:44,52000,NJ,Manual,FALSE,2006,unknown
375,2009 911 Turbo Coupe 6spd Blk/Blk w/ light mods,Turbo,FALSE,Torrance,USA,2009 911 Turbo Coupe 6spd Blk/Blk w/ light mods,Porsche,80020,911,2019-05-02T20:26:00.000Z,80000,CA,Manual,TRUE,2009,black
376,2007 Speed Yellow 911 Turbo 6spd 997,Turbo,FALSE,Coral Gables,USA,2007 Speed Yellow 911 Turbo 6spd 997,Porsche,37850,911,2019-11-21T09:56:00.000Z,79800,FL,Manual,TRUE,2007,yellow
377,2011 Carrera S/ 42K Miles/ PDK/ Sport Chrono/ Carbon Pkg/ MINT,Carrera S,FALSE,San Diego,United States,2011 Carrera S/ 42K Miles/ PDK/ Sport Chrono/ Carbon Pkg/ MINT,Porsche,42000,911,11/19/19 18:58,58000,CA,Automatic,FALSE,2011,unknown
378,2005 Carrera S w/PPCB Sport Chrono Sport Seats Bose full leather sport shifter,Carrera S,FALSE,Seattle,USA,"2005 Carrera S w/PPCB, Sport Chrono, Sport Seats, Bose, full leather, sport shifter",Porsche,85300,911,2019-11-19T01:02:00.000Z,37950,WA,Manual,FALSE,2005,yellow
379,2010 Porsche GT3,GT3,FALSE,Boca Raton,USA,2010 Porsche GT3,Porsche,19300,911,2019-11-19T21:19:00.000Z,110000,FL,Manual,FALSE,2010,white
380,2008 Porsche 911 S Cabriolet in fantastic Ruby Red Metallic Over Black Interior,Carrera S,TRUE,Collierville,USA,2008 Porsche 911 S Cabriolet in fantastic Ruby Red Metallic Over Black Interior,Porsche,94200,911,2019-11-16T17:15:00.000Z,31500,TN,Automatic,FALSE,2008,other
381,2009 911 carrera PDK,Carrera,FALSE,Redmond,USA,2009 911 carrera PDK,Porsche,52000,911,2019-12-08T01:34:00.000Z,39995,WA,Automatic,FALSE,2009,white
382,2006 Porsche Cayman S,Cayman S,FALSE,Simpsonville,USA,2006 Porsche Cayman S,Porsche,148100,Cayman,2019-12-06T21:17:00.000Z,13500,SC,Manual,FALSE,2006,blue
383,2008 Porsche Carrera S GT3 Front Bumper Carrera Sport Wheels Fister Exhaust,GT3,FALSE,Norco,USA,2008 Porsche Carrera S GT3 Front Bumper Carrera Sport Wheels Fister Exhaust,Porsche,133600,911,2019-12-05T19:42:00.000Z,27990,CA,Manual,FALSE,2008,silver
384,Porsche 06 Carrera 4S AWD 8400 Miles,Carrera 4S,FALSE,Spicewood,USA,"Porsche 06 Carrera 4S AWD 8,400 Miles",Porsche,8400,911,2019-12-04T00:40:00.000Z,47900,TX,Automatic,FALSE,2006,silver
385,Real Life Storm Trooper,unknown,FALSE,Batavia,USA,Real Life Storm Trooper,Porsche,49256,911,2019-12-03T03:36:00.000Z,73900,IL,Automatic,FALSE,2011,white
386,For Sale In Seattle WA: 2012 Porsche 911 Turbo Cabriolet_$92500,Turbo,TRUE,Seattle,USA,"For Sale In Seattle, WA: 2012 Porsche 911 Turbo Cabriolet_$92,500",Porsche,14043,911,2019-12-05T06:38:00.000Z,92500,WA,Manual,TRUE,2012,white
387, 2006 911 C4S Coupe-Manual-Well maintained!,Carrera 4S,FALSE,Richmond,USA, 2006 911 C4S Coupe-Manual-Well maintained!,Porsche,49100,911,2019-12-02T23:47:00.000Z,44900,VA,Manual,FALSE,2006,silver
388,2006 911 Carrera S 6 Speed,Carrera S,FALSE,San Mateo,USA,2006 911 Carrera S 6 Speed,Porsche,50544,911,2019-11-28T23:11:00.000Z,48500,CA,Manual,FALSE,2006,white
389,2012 911 Carrera 4 GTS Aero Kit w/6 speed manual. Carrera White w/black interior.,Carrera GTS,FALSE,Knoxville,USA,2012 911 Carrera 4 GTS Aero Kit w/6 speed manual. Carrera White w/black interior.,Porsche,42075,911,2019-11-26T21:29:00.000Z,83500,TN,Manual,FALSE,2012,white
390,2006 911 S Cabriolet 29K miles Black and Terra Cotta Interior,Carrera S,TRUE,Perkasie,USA,2006 911 S Cabriolet 29K miles Black and Terra Cotta Interior,Porsche,29836,911,2019-11-26T06:39:00.000Z,40500,PA,Automatic,FALSE,2006,black
391,2011 Porsche Turbo S - Only 14500 miles. Priced to sell,Turbo S,FALSE,Deerfield Beach,USA,"2011 Porsche Turbo S - Only 14,500 miles. Priced to sell",Porsche,14500,911,2018-12-06T00:37:00.000Z,95000,FL,Automatic,TRUE,2011,black
392,FS: 2007 Carrera 4S wtih Aero kit (NJ),Carrera 4S,FALSE,Flemington,USA,FS: 2007 Carrera 4S wtih Aero kit (NJ),Porsche,37500,911,2019-11-04T19:02:00.000Z,50000,NJ,Manual,FALSE,2007,silver
393,Porsche Cayman S 2008,Cayman S,FALSE,Savannah/hilton Head,USA,Porsche Cayman S 2008,Porsche,53000,Cayman,2019-11-14T20:47:00.000Z,32500,SC,Manual,FALSE,2008,red
394,997.2 GT3,GT3,FALSE,Louisville,USA,997.2 GT3,Porsche,12700,911,2019-11-16T05:37:00.000Z,127500,KY,Manual,FALSE,2010,white
395,2011 997.2 S Coupe 16700 miles Limited Slip,Carrera S,FALSE,Bucks County,USA,"2011 997.2 S Coupe 16,700 miles Limited Slip",Porsche,16700,911,2019-11-14T07:19:00.000Z,58200,PA,Automatic,FALSE,2011,silver
396,2005 Porsche 911 Carrera 2S Coupe 6 speed Full Leather,Carrera S,FALSE,Albuquerque,USA,2005 Porsche 911 Carrera 2S Coupe 6 speed Full Leather,Porsche,60699,911,2019-11-15T07:55:00.000Z,40000,NM,Manual,FALSE,2005,silver
397,FS: 2012 Cayman R - Track prepped with low miles and few DE days,Cayman R,FALSE,North Bethesda,USA,FS: 2012 Cayman R - Track prepped with low miles and few DE days,Porsche,32400,Cayman,2019-11-09T01:03:00.000Z,69500,MD,Manual,FALSE,2012,silver
398, 2012 911 Carrera S,Carrera S,FALSE,Princeton,USA, 2012 911 Carrera S,Porsche,29000,911,2019-12-09T21:22:00.000Z,65000,MA,Manual,FALSE,2012,silver
399,2007 911 Turbo 6spd,Turbo,FALSE,Ann Arbor,USA,2007 911 Turbo 6spd,Porsche,39500,911,2019-12-09T08:34:00.000Z,70000,MI,Manual,TRUE,2007,silver
400, 2008 Porsche 911 Carrera S w/ Aero Kit Full Leather Sport Seats Bose CF Package,Carrera S,FALSE,Scottsdale,USA," 2008 Porsche 911 Carrera S w/ Aero Kit, Full Leather, Sport Seats, Bose, CF Package",Porsche,74200,911,2019-12-09T08:28:00.000Z,39000,AZ,Automatic,FALSE,2008,red
401,Porsche Cayman 987.2',Cayman,FALSE,Chicago,USA,Porsche Cayman 987.2',Porsche,28000,Cayman,2019-12-23T22:36:00.000Z,31000,IL,Manual,FALSE,2011,gray
402,2010 911 Turbo,Turbo,FALSE,Beachwood,USA,2010 911 Turbo,Porsche,37616,911,2019-12-21T19:44:00.000Z,75994,OH,Automatic,TRUE,2010,silver
403,2012 911S Guards Red Coupe,Carrera S,FALSE,Austin,USA,2012 911S Guards Red Coupe,Porsche,32600,911,2019-12-20T02:17:00.000Z,66000,TX,Automatic,FALSE,2012,red
404,2007 Carrera S Meteor Gray,Carrera S,FALSE,Houston,USA,2007 Carrera S Meteor Gray,Porsche,68750,911,2019-12-16T06:15:00.000Z,38000,TX,Manual,FALSE,2007,gray
405,2011 Porsche 911 C4S Cabriolet PDK + Sports Package + More,Carrera 4S,TRUE,Palisades Park,USA,2011 Porsche 911 C4S Cabriolet PDK + Sports Package + More,Porsche,37000,911,2019-12-16T04:36:00.000Z,53000,NJ,Automatic,FALSE,2011,silver
406,2006 Cayman S.,Cayman S,FALSE,Southampton,USA,2006 Cayman S.,Porsche,90800,Cayman,2019-12-13T21:50:00.000Z,19500,PA,Manual,FALSE,2006,unknown
407,Beautiful Dark Blue Porsche 2011 911 Turbo S Cabriolet,Turbo S,TRUE,Cincinnati,USA,Beautiful Dark Blue Porsche 2011 911 Turbo S Cabriolet,Porsche,12525,911,2019-12-10T22:06:00.000Z,89000,OH,Manual,TRUE,2011,blue
408,2010 Porsche 911 GT3 in Basalt Black with Black interior,GT3,FALSE,Knoxville,USA,2010 Porsche 911 GT3 in Basalt Black with Black interior,Porsche,27918,911,2019-12-11T01:58:00.000Z,104997,TN,Manual,FALSE,2010,black
409,2007 Cayman S - Roller,Cayman S,FALSE,San Diego Ca,USA,2007 Cayman S - Roller,Porsche,165000,Cayman,2019-12-10T03:20:00.000Z,6000,CA,Manual,FALSE,2007,blue
410,2009 997.2 Carrera 4S Sport Chrono PDK Meteor Grey Full Leather 63.3k miles,Carrera 4S,FALSE,Issaquah,USA,"2009 997.2 Carrera 4S, Sport Chrono, PDK, Meteor Grey, Full Leather, 63.3k miles",Porsche,63359,911,2020-01-03T01:30:00.000Z,52400,WA,Automatic,FALSE,2009,gray
411,2005 Porsche 911 Carrera S,Carrera S,FALSE,Rockledge,USA,2005 Porsche 911 Carrera S,Porsche,52400,911,2020-01-01T16:19:00.000Z,42400,FL,Automatic,FALSE,2005,silver
412,2007 Porsche Cayman S Auto Tiptronic Beauty,Cayman S,FALSE,Orange County,USA,2007 Porsche Cayman S Auto Tiptronic Beauty,Porsche,77750,Cayman,2020-01-01T01:36:00.000Z,24800,CA,Automatic,FALSE,2007,gray
413,2009 Porsche 911 Carrera Cabriolet 997.2 PDK (22k miles),Carrera,TRUE,Staten Island,USA,2009 Porsche 911 Carrera Cabriolet 997.2 PDK (22k miles),Porsche,22285,911,2019-12-29T07:20:00.000Z,45500,NY,Automatic,FALSE,2009,gray
414,2007 Cayman S Ultimate street & track,Cayman S,FALSE,Prosper,USA,2007 Cayman S Ultimate street & track,Porsche,52000,Cayman,2019-12-29T02:54:00.000Z,36000,TX,Manual,FALSE,2007,black
415,2009 911 Carrera S (997.2 THE LAST OF THE PURE DRIVER'S CAR),Carrera S,FALSE,Union City,USA,"2009 911 Carrera S (997.2, THE LAST OF THE PURE DRIVER'S CAR)",Porsche,56483,911,2019-12-28T11:21:00.000Z,54999,CA,Manual,FALSE,2009,white
416,2011 911 Turbo S,Turbo S,FALSE,Atlanta,USA,2011 911 Turbo S,Porsche,34000,911,2019-12-27T10:03:00.000Z,89000,GA,Automatic,TRUE,2011,white
417,Carrera 4S manual,Carrera 4S,FALSE,Chicago,USA,Carrera 4S manual,Porsche,45000,911,2019-12-28T03:05:00.000Z,45000,IL,Manual,FALSE,2006,black
418,2006 cayman s 3.6l 997 engine swap!,Cayman S,FALSE,Agoura Hills,USA,2006 cayman s 3.6l 997 engine swap!,Porsche,116000,Cayman,2019-12-28T04:20:00.000Z,26000,CA,Manual,FALSE,2006,silver
419,2009 Porsche 911S 997.2 6MT (58K miles),Carrera S,FALSE,Houston,USA,2009 Porsche 911S 997.2 6MT (58K miles),Porsche,58406,911,2019-12-28T10:08:00.000Z,45000,TX,Manual,FALSE,2009,gray
420,'11 Cayman silver/black 6MT LSD sport seats sport chrono NEW trans 7k mi. ago!,Cayman,FALSE,Pawtucket,USA,"'11 Cayman, silver/black, 6MT, LSD, sport seats, sport chrono, NEW trans 7k mi. ago!",Porsche,76200,Cayman,2020-02-01T05:23:00.000Z,25000,RI,Manual,FALSE,2011,silver
421,2010 997.2 C4S Arctic Silver 6-sp Manual Clean Complete Excellent Cond 36800 mi,Carrera 4S,FALSE,Louisville,USA,"2010 997.2 C4S Arctic Silver, 6-sp Manual, Clean, Complete, Excellent Cond, 36,800 mi",Porsche,36800,911,2020-01-30T04:16:00.000Z,62500,KY,Manual,FALSE,2010,silver
422,2012 911 TTS Edition 918 Spyder,Turbo S,FALSE,Orlando,USA,2012 911 TTS Edition 918 Spyder,Porsche,13500,911,2020-01-29T05:58:00.000Z,164999,FL,Automatic,FALSE,2012,black
423,2005 Porsche 911 Turbo Cabriolet,Turbo,TRUE,Tega Cay,USA,2005 Porsche 911 Turbo Cabriolet,Porsche,61400,911,2020-01-28T22:20:00.000Z,45900,SC,Manual,TRUE,2005,red
424,2009 Porsche Turbo Cabriolet 6-speed Manual,Turbo,TRUE,Twinsburg,USA,2009 Porsche Turbo Cabriolet 6-speed Manual,Porsche,26600,911,2020-01-29T01:11:00.000Z,86980,OH,Manual,TRUE,2009,red
425,2012 Porsche 911S 991.1 29K miles,Carrera S,FALSE,Miami,USA,2012 Porsche 911S 991.1 29K miles,Porsche,29500,911,2020-01-26T02:41:00.000Z,61000,FL,Automatic,FALSE,2012,white
426,2007 Porsche Turbo Coupe 6600 Miles Gorgeous 2007 Porsche Turbo Coupe 6600 Mi HP Mods,Turbo,FALSE,Huntington,USA,2007 Porsche Turbo Coupe 6600 Miles Gorgeous 2007 Porsche Turbo Coupe 6600 Mi HP Mods,Porsche,6600,911,2020-01-27T19:33:00.000Z,95000,NY,Automatic,TRUE,2007,silver
427,2012 Porsche 911 Turbos S Coupe 918 Spyder Edition,Turbo,FALSE,Kennesaw,USA,2012 Porsche 911 Turbos S Coupe 918 Spyder Edition,Porsche,11625,911,2020-01-23T21:55:00.000Z,159000,GA,Automatic,TRUE,2012,black
428,2010 Porsche 911 Carrera Cabriolet,Carrera,TRUE,San Diego,USA,2010 Porsche 911 Carrera Cabriolet,Porsche,82900,911,2020-01-22T06:02:00.000Z,37999,CA,Automatic,FALSE,2010,black
429,2005 911S X-51,Carrera S,FALSE,Redding,USA,2005 911S X-51,Porsche,88500,911,2020-01-17T10:01:00.000Z,46000,CA,Manual,FALSE,2005,silver
430,Atlas Gray 2010 997.2 C2S PDK - ~33800K miles,Carrera S,FALSE,Austin,USA,"Atlas Gray 2010 997.2 C2S PDK - ~33,800K miles",Porsche,33791,911,2020-01-20T03:54:00.000Z,53000,TX,Automatic,FALSE,2010,gray
431,2012 Porsche Cayman S Black Edition 36k mi 6MT-PCCB-Carbon Buckets-PASM,Cayman S,FALSE,Santa Cruz,USA,2012 Porsche Cayman S Black Edition 36k mi 6MT-PCCB-Carbon Buckets-PASM,Porsche,36100,Cayman,2020-01-14T00:07:00.000Z,0,CA,Manual,FALSE,2012,black
432,***ROLLER*** 2005 997.1S TIPTRONIC *** 997 ROLLER,Carrera S,FALSE,Georgetown,USA,***ROLLER*** 2005 997.1S TIPTRONIC *** 997 ROLLER,Porsche,127000,911,2020-01-20T06:13:00.000Z,12000,TX,Automatic,FALSE,2005,black
433,Pristine 2012 911 Turbo Cab with under 8700miles,Turbo,TRUE,Mt Pleasant,USA,Pristine 2012 911 Turbo Cab with under 8700miles,Porsche,8700,911,2020-01-14T00:05:00.000Z,90000,SC,Automatic,TRUE,2012,black
434,Turbo 911 (997.2)  PDK. Black on Black,Turbo,FALSE,Columbus,USA,Turbo 911 (997.2)  PDK. Black on Black,Porsche,32000,911,2020-01-14T05:24:00.000Z,79000,OH,Automatic,TRUE,2010,black
435,2009 Porsche 911 Turbo - Meteor Grey Metallic -- MINT!,Turbo,FALSE,Scottsdale,USA,2009 Porsche 911 Turbo - Meteor Grey Metallic -- MINT!,Porsche,44400,911,2020-01-13T22:45:00.000Z,82000,AZ,Automatic,TRUE,2009,gray
436,2012 Porsche 991 C2S well equipped with original price at $135000 MSRP,Carrera S,FALSE,San Mateo,USA,"2012 Porsche 991 C2S well equipped with original price at $135,000 MSRP",Porsche,18860,911,2020-01-11T03:17:00.000Z,75000,CA,Automatic,FALSE,2012,blue
437,2009 Porsche Carrera PDK - Excellent Condition 42k miles,Carrera,FALSE,San Francisco,USA,2009 Porsche Carrera PDK - Excellent Condition 42k miles,Porsche,42200,911,2020-01-08T05:28:00.000Z,39500,CA,Automatic,FALSE,2009,black
438,2009 Porsche Cayman S - PDK PASM LSD Sport Chrono - Macadamia Brown/Sand Biege,Cayman S,FALSE,Houston,USA,"2009 Porsche Cayman S - PDK, PASM, LSD, Sport Chrono - Macadamia Brown/Sand Biege",Porsche,81500,Cayman,2020-01-07T21:23:00.000Z,30500,TX,Automatic,FALSE,2009,brown
439,Unicorn build C4S X51 PCCB exclusive options,Carrera 4S,FALSE,Burlingame,USA,Unicorn build C4S X51 PCCB exclusive options,Porsche,55000,911,2020-02-02T01:36:00.000Z,45000,CA,Manual,FALSE,2008,gray
440,2011 997.2 GTS,Carrera GTS,FALSE,Austin,USA,2011 997.2 GTS,Porsche,18900,911,2020-02-01T22:05:00.000Z,73000,TX,Automatic,FALSE,2011,gray
441,2006 Porsche 911 Carrera S-Black-6 Speed-Factory Aerokit-HRE Wheels-Low Mileage,Carrera S,FALSE,Naples,34109,2006 Porsche 911 Carrera S-Black-6 Speed-Factory Aerokit-HRE Wheels-Low Mileage,Porsche,25700,911,2020-03-03T19:52:00.000Z,55000,FL,Manual,FALSE,2006,black
442,2007 Cayman S 6MT: Street Car with Tasteful Mods,Cayman S,FALSE,Richmond,23832,2007 Cayman S 6MT: Street Car with Tasteful Mods,Porsche,54200,Cayman,2020-03-01T16:57:00.000Z,32000,VA,Manual,FALSE,2007,gray
443,6 speed - Porsche Cayman S with serious upgrades,Cayman S,FALSE,San Diego,92129,6 speed - Porsche Cayman S with serious upgrades,Porsche,145000,Cayman,2020-03-01T08:24:00.000Z,23900,CA,Manual,FALSE,2007,silver
444,2009 Porsche 911 Carrera 997.2 6MT,Carrera,FALSE,San Francisco,94131,2009 Porsche 911 Carrera 997.2 6MT,Porsche,45500,911,2020-03-01T08:17:00.000Z,47500,CA,Manual,FALSE,2009,white
445,2010 911 Carrera Cabriolet,Carrera,TRUE,San Diego,92103,2010 911 Carrera Cabriolet,Porsche,82900,911,2020-03-01T00:53:00.000Z,35999,CA,Automatic,FALSE,2010,black
446,2012.5 Porsche 991.1 Carerra S,Carrera S,FALSE,Chicago,60515,2012.5 Porsche 991.1 Carerra S,Porsche,39500,911,2020-03-01T01:53:00.000Z,57500,IL,Automatic,FALSE,2012,red
447,Immaculate 2010 911 C4S! 34k miles! Manual Transmission!,Carrera 4S,FALSE,Tucson,85711,Immaculate 2010 911 C4S! 34k miles! Manual Transmission!,Porsche,34050,911,2020-02-19T06:03:00.000Z,59999,AZ,Manual,FALSE,2010,silver
448,F/S 2010 Porsche Cayman PDK (Carrara white/sea blue),Cayman,FALSE,Lighthouse Point,33064,F/S 2010 Porsche Cayman PDK (Carrara white/sea blue),Porsche,57700,Cayman,2020-02-18T21:10:00.000Z,29000,FL,Automatic,FALSE,2010,white
449,feeler: 4.0 Liter 2009 911 C4S 997.2 PDK engine by Jake Raby / Flat Six Innovations,Carrera 4S,FALSE,Lyons,60534,"feeler: 4.0 Liter 2009 911 C4S 997.2 PDK, engine by Jake Raby / Flat Six Innovations",Porsche,80600,911,2020-02-19T22:59:00.000Z,62500,IL,Automatic,FALSE,2009,gray
450,2012 Porsche 997.2 Carrera S PDK Carrera White with Sea Blue Full Leather Interior,Carrera S,FALSE,Boerne,78015,"2012 Porsche 997.2 Carrera S, PDK, Carrera White with Sea Blue Full Leather Interior",Porsche,35800,911,2020-02-18T06:29:00.000Z,56500,TX,Automatic,FALSE,2012,white
451,2007 997TT MT with PCCB,unknown,FALSE,Nashville,37027,2007 997TT MT with PCCB,Porsche,37500,911,2020-02-18T03:35:00.000Z,79000,TN,Manual,TRUE,2007,white
452,911 Turbo S - GT Silver / Cocoa Brown,Turbo S,FALSE,Los Angeles,90008,911 Turbo S - GT Silver / Cocoa Brown,Porsche,27500,911,2020-02-16T23:24:00.000Z,97500,CA,unknown,TRUE,2011,unknown
453,2010 Porsche GT3,GT3,FALSE,Twinsburg,44087,2010 Porsche GT3,Porsche,37000,911,2020-02-15T20:08:00.000Z,98500,OH,Manual,FALSE,2010,white
454,2011 Porsche Cayman S Street/Track - Manual - BBi Build,Cayman S,FALSE,Los Angeles,90036,2011 Porsche Cayman S Street/Track - Manual - BBi Build,Porsche,27000,Cayman,2020-02-15T00:59:00.000Z,55000,CA,Manual,FALSE,2011,black
455,2011 White 997.2 911 Turbo 19k miles PDK Sport Chrono,Turbo,FALSE,Pittsburgh,15211,"2011 White 997.2 911 Turbo, 19k miles, PDK, Sport Chrono",Porsche,18800,911,2020-02-14T18:11:00.000Z,86000,PA,Automatic,TRUE,2011,white
456,2005 Porsche 997.1 with modifications.  Help me fund my next toy car!,unknown,FALSE,Apple Valley,55124,2005 Porsche 997.1 with modifications.  Help me fund my next toy car!,Porsche,62550,911,2020-02-14T17:09:00.000Z,30150,MN,Manual,FALSE,2005,blue
457,Immaculate 2010 997.2 C2S 6MT (130 Images + Video. Low Mileage. OEM GT3 add-ons etc),GT3,FALSE,Sanford,27332,"Immaculate 2010 997.2 C2S 6MT (130 Images + Video. Low Mileage. OEM GT3 add-ons, etc)",Porsche,29500,911,2020-02-14T03:38:00.000Z,64000,NC,Manual,FALSE,2010,silver
458,2011 Porsche 911 GTS Cabriolet,Carrera GTS,TRUE,Diablo,94528,2011 Porsche 911 GTS Cabriolet,Porsche,14600,911,2020-02-14T01:11:00.000Z,74500,CA,Automatic,FALSE,2011,black
459,2006 997 Guards Red 911 C2S Manual Transmission Sport Exhaust (PSE),Carrera S,FALSE,Oakland Township,48363,"2006 997 Guards Red 911 C2S Manual Transmission, Sport Exhaust (PSE)",Porsche,42655,911,2020-02-13T23:15:00.000Z,44500,MI,Manual,FALSE,2006,red
460,2005 996 C4S - Cinnamon Brown Special Leather Sport Exhaust and more,Carrera 4S,FALSE,Dallas,75204,"2005 996 C4S - Cinnamon Brown Special Leather, Sport Exhaust and more",Porsche,36144,911,2020-02-12T21:37:00.000Z,44900,TX,Automatic,FALSE,2005,white
461,2007 997.1 Porsche 911 Turbo - 6MTPCCBSport ChronoGT Silver MetallicAll Records,Turbo,FALSE,Danville,94506,"2007 997.1 Porsche 911 Turbo - 6MT,PCCB,Sport Chrono,GT Silver Metallic,All Records",Porsche,45343,911,2020-02-12T03:35:00.000Z,73999,CA,Manual,TRUE,2007,silver
462,2009 997 Turbo Cream White Cabriolet with Tiptronic,Turbo,TRUE,Brookings,57006,2009 997 Turbo Cream White Cabriolet with Tiptronic,Porsche,50900,911,2020-02-11T22:39:00.000Z,62500,SD,Automatic,TRUE,2009,white
463,2012 Carrera GTS 997.2 Race Car,Carrera GTS,FALSE,Newport Beach,92625,2012 Carrera GTS 997.2 Race Car,Porsche,47395,911,2020-02-10T03:08:00.000Z,88990,CA,Automatic,FALSE,2012,white
464,2010 Porsche 911 S ( 997.2 S ) PDK with Sharkwerks exhaust and Fister mufflers,Carrera S,FALSE,Houston,77096,2010 Porsche 911 S ( 997.2 S ) PDK with Sharkwerks exhaust and Fister mufflers,Porsche,53879,911,2020-02-09T23:54:00.000Z,53125,TX,Automatic,FALSE,2010,black
465,'08 Cayman,Cayman,FALSE,Bowling Green,42123,'08 Cayman,Porsche,41300,Cayman,2020-02-08T00:36:00.000Z,22500,KY,Manual,FALSE,2008,black
466,2005 Porsche 997 Carrera Coupe,Carrera,FALSE,Las Vegas,89134,2005 Porsche 997 Carrera Coupe,Porsche,71000,911,2020-02-07T04:07:00.000Z,29900,NV,Manual,FALSE,2005,silver